"Name","Team","G","PA","AB","H","2B","3B","HR","R","RBI","BB","SO","HBP","SB","CS","AVG","OBP","SLG","OPS","wOBA","Fld","BsR","WAR","ADP","playerid"
"Mike Trout","Angels","59","254","199","59","11","1","17","46","42","47","52","5","6","2",".296",".439",".614","1.053",".427","-0.5","1.1","3.3","2.0","10155"
"Alex Bregman","Astros","56","243","203","58","14","1","12","39","40","35","32","3","3","1",".287",".398",".546",".943",".393","-0.4","0.1","2.4","13.0","17678"
"Cody Bellinger","Dodgers","56","241","205","59","12","1","15","35","39","33","46","1","5","2",".290",".389",".585",".973",".394","1.3","0.5","2.4","4.7","15998"
"Francisco Lindor","Indians","57","246","220","64","14","1","12","40","33","21","35","2","8","2",".289",".352",".527",".880",".362","4.1","0.4","2.2","8.0","12916"
"Mookie Betts","Dodgers","57","246","213","61","14","1","12","39","30","29","35","2","7","2",".287",".373",".530",".903",".374","4.0","1.4","2.2","5.7","13611"
"Matt Chapman","Athletics","57","246","216","54","13","1","13","35","36","25","61","3","1","1",".252",".337",".505",".842",".351","5.3","0.2","2.2","91.7","16505"
"Christian Yelich","Brewers","56","243","208","63","13","1","13","33","35","31","50","3","9","2",".303",".397",".568",".965",".396","0.4","1.3","2.1","3.0","11477"
"Anthony Rendon","Angels","55","238","206","58","14","1","10","34","37","27","35","3","2","1",".280",".368",".503",".872",".363","2.3","0.2","2.0","21.7","12861"
"Yasmani Grandal","White Sox","50","202","168","40","8","0","9","25","27","31","49","1","1","1",".237",".358",".455",".814",".346","2.1","-0.9","2.0","100.7","11368"
"Jose Ramirez","Indians","56","241","211","59","15","1","11","36","39","26","31","2","10","2",".280",".361",".525",".887",".367","1.6","1.5","2.0","12.7","13510"
"Juan Soto","Nationals","57","246","203","60","12","2","13","36","40","40","46","1","4","1",".294",".410",".561",".971",".402","-0.8","0.2","2.0","7.0","20123"
"Nolan Arenado","Rockies","58","251","222","66","14","1","15","33","39","25","40","1","1","1",".297",".369",".570",".939",".383","3.5","0.0","1.9","14.0","9777"
"Aaron Judge","Yankees","50","218","181","46","8","0","14","35","33","33","68","2","2","1",".257",".374",".529",".904",".375","4.0","0.0","1.9","62.7","15640"
"Josh Donaldson","Twins","53","231","192","50","10","0","12","34","36","34","54","2","2","1",".260",".376",".504",".880",".370","0.8","-0.2","1.8","85.7","5038"
"Carlos Correa","Astros","51","220","191","52","11","1","11","30","37","25","49","1","1","0",".271",".356",".506",".862",".359","-0.3","0.2","1.7","90.7","14162"
"George Springer","Astros","53","231","199","54","9","1","12","38","33","26","47","3","3","1",".273",".364",".510",".873",".366","-0.3","0.0","1.7","52.3","12856"
"Ronald Acuna Jr.","Braves","56","243","213","61","10","1","13","36","32","25","59","3","11","3",".284",".366",".531",".897",".373","0.9","1.2","1.7","1.0","18401"
"J.T. Realmuto","Phillies","53","213","193","53","12","1","9","27","28","15","43","3","3","1",".273",".331",".488",".819",".341","2.5","0.6","1.7","43.3","11739"
"Ozzie Albies","Braves","56","243","222","64","14","2","9","33","27","17","37","2","5","1",".290",".344",".502",".847",".352","2.6","0.9","1.7","27.7","16556"
"Marcus Semien","Athletics","58","249","220","60","13","1","10","36","29","25","40","1","4","2",".272",".348",".476",".823",".346","-0.8","0.2","1.7","89.0","12533"
"Manny Machado","Padres","58","251","225","61","11","1","13","27","32","23","45","1","3","1",".271",".340",".505",".844",".349","2.3","-0.2","1.6","58.3","11493"
"Xander Bogaerts","Red Sox","56","243","215","62","15","1","10","35","37","24","43","2","3","1",".290",".364",".499",".863",".362","-1.7","0.4","1.6","35.3","12161"
"Freddie Freeman","Braves","56","243","209","62","14","1","12","32","35","30","46","3","2","1",".296",".387",".543",".931",".383","1.6","0.1","1.6","19.3","5361"
"Rafael Devers","Red Sox","56","243","222","66","16","1","12","39","39","18","43","1","3","2",".296",".350",".539",".889",".366","-0.9","0.2","1.6","18.7","17350"
"Jose Altuve","Astros","55","238","214","64","12","1","9","36","31","20","34","2","5","2",".301",".364",".494",".858",".360","-1.7","-0.1","1.6","35.3","5417"
"Kris Bryant","Cubs","56","241","204","56","12","1","11","32","26","28","53","6","2","1",".272",".373",".507",".881",".369","-0.8","0.6","1.6","52.0","15429"
"Ketel Marte","Diamondbacks","56","241","217","64","13","3","8","29","26","20","33","1","3","1",".295",".357",".499",".856",".357","0.4","0.4","1.5","29.3","13613"
"Bryce Harper","Phillies","56","243","199","52","11","0","14","32","37","40","62","2","5","2",".259",".384",".533",".917",".377","-0.2","0.2","1.5","20.0","11579"
"Yoan Moncada","White Sox","56","241","215","58","11","2","10","34","31","22","66","2","5","2",".271",".341",".479",".820",".344","0.7","0.5","1.5","57.7","17232"
"Anthony Rizzo","Cubs","56","243","205","58","12","1","11","28","34","28","34","8","2","1",".284",".388",".516",".905",".378","2.0","-0.7","1.5","65.0","3473"
"Trevor Story","Rockies","56","241","216","60","13","2","13","31","32","21","65","2","7","3",".277",".344",".541",".884",".365","1.1","0.5","1.5","9.3","12564"
"Gleyber Torres","Yankees","53","231","207","58","10","0","14","34","40","20","48","2","2","1",".280",".344",".534",".878",".362","-3.8","0.0","1.4","29.0","16997"
"Matt Olson","Athletics","55","236","206","52","11","0","14","33","39","25","60","3","0","0",".254",".341",".514",".855",".354","3.1","-0.2","1.4","44.7","14344"
"Fernando Tatis Jr.","Padres","54","233","209","57","9","3","11","29","27","19","64","3","9","3",".273",".340",".498",".838",".349","-1.7","0.6","1.4","19.0","19709"
"Buster Posey","Giants","49","197","176","48","10","0","4","17","16","18","28","2","1","0",".274",".344",".397",".741",".318","3.6","-0.6","1.4","239.0","9166"
"Trea Turner","Nationals","55","238","215","62","12","2","8","32","23","19","46","2","15","3",".286",".347",".469",".816",".344","-0.8","2.0","1.4","9.7","16252"
"Corey Seager","Dodgers","49","210","188","52","13","1","8","25","28","18","39","2","1","0",".278",".345",".475",".820",".343","0.7","0.3","1.4","115.3","13624"
"Yordan Alvarez","Astros","51","220","191","54","11","0","14","33","39","26","53","1","1","1",".283",".368",".560",".928",".379","0.0","-0.1","1.4","46.3","19556"
"Max Kepler","Twins","52","225","197","51","12","1","11","34","31","23","39","2","2","1",".257",".341",".490",".830",".348","3.4","0.1","1.4","145.7","12144"
"Justin Turner","Dodgers","53","228","199","56","12","0","9","25","26","21","35","6","1","0",".283",".365",".485",".849",".358","-0.6","-0.2","1.3","157.0","5235"
"Paul DeJong","Cardinals","58","249","223","56","12","0","11","29","29","20","60","4","2","1",".251",".321",".460",".781",".328","1.8","0.1","1.3","157.7","18015"
"Bo Bichette","Blue Jays","53","228","208","57","13","2","8","32","29","17","42","1","10","4",".276",".332",".468",".800",".336","0.0","0.3","1.3","52.7","19612"
"Peter Alonso","Mets","56","243","211","53","10","1","16","29","36","25","63","6","1","1",".253",".345",".542",".887",".365","0.6","-0.3","1.3","30.0","19251"
"DJ LeMahieu","Yankees","56","243","220","64","11","1","7","35","27","18","35","1","2","1",".289",".345",".438",".783",".333","2.2","-0.3","1.3","49.7","9874"
"Jeff McNeil","Mets","52","223","201","58","12","1","7","26","24","14","29","6","3","1",".291",".351",".472",".823",".347","0.3","0.1","1.3","79.3","15362"
"Javier Baez","Cubs","56","241","225","61","13","2","12","30","34","12","64","2","6","3",".273",".313",".513",".825",".338","0.2","0.4","1.3","30.3","12979"
"Andrelton Simmons","Angels","49","212","196","54","10","1","4","24","23","13","19","1","4","1",".277",".323",".395",".719",".307","5.4","0.1","1.3","443.3","10847"
"J.D. Martinez","Red Sox","56","241","212","63","13","1","14","36","42","25","56","1","1","0",".297",".372",".562",".934",".383","0.0","-0.8","1.3","24.0","6184"
"Joey Gallo","Rangers","50","215","178","41","8","1","16","34","36","33","79","3","3","1",".227",".354",".554",".908",".372","0.3","0.5","1.2","74.0","14128"
"Ramon Laureano","Athletics","49","212","190","50","11","1","9","29","27","16","55","3","6","2",".261",".326",".464",".790",".332","0.8","0.8","1.2","92.7","17128"
"Giancarlo Stanton","Yankees","46","199","174","46","8","0","15","31","40","22","60","2","1","0",".262",".349",".581",".930",".378","0.0","0.0","1.2","67.7","4949"
"Byron Buxton","Twins","48","207","188","48","12","2","7","28","27","14","55","2","9","2",".254",".311",".450",".761",".319","3.6","1.6","1.2","137.3","14161"
"Eugenio Suarez","Reds","55","238","207","53","9","1","14","27","35","26","63","3","1","1",".257",".347",".504",".851",".354","-0.5","-0.6","1.2","73.0","12552"
"Vladimir Guerrero Jr.","Blue Jays","51","220","197","57","12","1","9","28","34","20","35","2","1","1",".290",".356",".500",".856",".358","-1.6","-0.5","1.2","71.7","19611"
"Brian Anderson","Marlins","56","241","212","55","12","1","7","25","24","21","52","5","2","1",".260",".340",".431",".772",".329","1.4","0.0","1.2","213.3","18289"
"Paul Goldschmidt","Cardinals","56","243","209","56","10","1","11","29","29","31","59","2","3","1",".267",".365",".480",".845",".355","1.1","0.3","1.2","72.3","9218"
"Christian Vazquez","Red Sox","41","164","151","40","8","0","5","19","19","10","30","1","2","1",".263",".310",".417",".727",".307","2.3","-0.3","1.1","208.3","9774"
"Michael Conforto","Mets","49","210","178","45","9","0","11","25","29","27","51","3","2","1",".254",".359",".491",".851",".356","0.2","0.1","1.1","127.3","16376"
"Roberto Perez","Indians","40","159","138","30","5","0","6","16","21","16","46","1","0","0",".216",".301",".394",".695",".297","3.5","-0.3","1.1","308.3","2900"
"Luis Robert","White Sox","51","220","204","55","9","2","9","27","29","10","59","4","9","4",".269",".313",".474",".788",".329","0.8","0.2","1.1","999.0","sa3003396"
"Max Muncy","Dodgers","53","228","191","47","9","0","12","30","34","33","59","3","2","1",".249",".364",".487",".851",".358","0.1","0.3","1.1","56.3","13301"
"Austin Meadows","Rays","50","218","195","53","11","2","10","30","30","18","45","2","5","2",".270",".336",".495",".831",".344","0.2","0.1","1.1","33.3","15672"
"Nelson Cruz","Twins","52","225","198","55","9","0","15","32","42","22","55","4","0","0",".277",".358",".545",".903",".371","0.0","-1.0","1.0","69.0","2434"
"Rhys Hoskins","Phillies","54","233","193","47","10","1","12","28","34","34","57","3","1","1",".241",".362",".495",".857",".359","0.8","0.0","1.0","111.3","16472"
"Kolten Wong","Cardinals","49","212","185","50","10","1","4","20","18","18","32","5","7","2",".268",".350",".409",".758",".324","1.5","0.8","1.0","185.7","12532"
"Victor Robles","Nationals","57","246","220","58","13","2","7","28","24","16","51","7","11","4",".264",".331",".427",".758",".322","2.8","0.6","1.0","73.3","18363"
"Jorge Polanco","Twins","55","238","214","60","13","2","7","32","30","20","40","2","3","2",".281",".343",".457",".800",".337","-3.5","0.1","1.0","134.7","13152"
"Tommy Pham","Padres","52","225","193","52","10","1","8","28","21","27","48","2","7","2",".271",".367",".462",".829",".352","0.4","0.5","1.0","83.3","2967"
"Eloy Jimenez","White Sox","52","223","206","58","10","1","13","30","36","14","50","2","0","0",".280",".329",".528",".857",".354","-2.2","0.1","1.0","68.7","17484"
"Marcell Ozuna","Braves","54","233","210","58","10","1","11","28","37","21","47","1","3","1",".278",".344",".499",".844",".352","0.8","0.1","1.0","96.3","10324"
"Brandon Lowe","Rays","50","215","192","47","10","1","9","27","26","19","61","2","3","1",".246",".319",".445",".764",".322","0.2","0.5","1.0","200.0","18882"
"Miguel Sano","Twins","47","202","175","42","8","1","14","31","36","24","73","1","0","0",".243",".337",".533",".870",".359","0.3","-0.4","0.9","88.0","12164"
"Didi Gregorius","Phillies","50","215","199","53","10","1","10","26","30","12","30","2","2","1",".268",".313",".474",".787",".327","0.2","0.3","0.9","215.3","6012"
"Starling Marte","Diamondbacks","52","225","207","59","11","2","8","28","25","11","41","5","10","3",".284",".334",".470",".804",".337","-1.0","0.6","0.9","28.0","9241"
"Lorenzo Cain","Brewers","52","223","199","55","10","1","5","24","14","19","38","2","7","2",".277",".345",".402",".748",".322","2.6","0.4","0.9","179.7","9077"
"Alex Verdugo","Red Sox","47","202","182","54","12","1","5","25","25","16","27","1","3","1",".296",".354",".460",".814",".344","1.9","0.2","0.9","240.3","17027"
"Adalberto Mondesi","Royals","52","223","207","52","10","3","7","28","27","11","62","1","18","4",".252",".289",".427",".716",".300","2.1","2.0","0.9","40.0","13769"
"Kyle Schwarber","Cubs","52","223","191","48","9","1","14","27","30","29","61","2","1","1",".249",".350",".519",".868",".357","0.1","-0.1","0.9","123.3","16478"
"Kyle Seager","Mariners","51","220","198","49","11","0","9","25","30","18","44","2","1","1",".246",".315",".446",".761",".320","0.6","-0.3","0.9","278.3","9785"
"Eduardo Escobar","Diamondbacks","55","236","214","57","12","3","10","25","33","17","46","2","2","1",".264",".320",".476",".797",".330","0.4","0.1","0.9","105.3","6153"
"Carlos Santana","Indians","56","243","204","52","11","1","10","33","34","36","38","1","1","0",".257",".370",".469",".839",".353","0.2","-0.1","0.9","112.7","2396"
"Jorge Soler","Royals","54","233","202","52","10","0","13","31","35","27","64","3","1","0",".257",".350",".507",".857",".358","0.0","-0.1","0.9","78.0","14221"
"Andrew Benintendi","Red Sox","54","233","204","55","14","2","6","32","27","24","46","2","5","2",".271",".349",".445",".795",".337","1.2","0.5","0.9","121.7","17901"
"Luis Arraez","Twins","48","207","187","58","10","1","2","25","19","18","16","1","2","1",".311",".370",".409",".779",".336","-1.2","0.0","0.9","346.3","18568"
"Willy Adames","Rays","53","231","207","52","9","1","7","26","25","20","58","1","3","1",".253",".320",".408",".728",".310","-0.3","0.2","0.9","280.7","15986"
"Michael Brantley","Astros","50","218","197","57","12","1","6","29","29","17","24","2","2","1",".291",".349",".456",".805",".340","-0.2","0.0","0.9","134.0","4106"
"Gary Sanchez","Yankees","43","169","149","36","6","0","11","24","31","16","44","3","0","0",".243",".324",".520",".844",".348","-2.0","-0.2","0.9","94.0","11442"
"Keston Hiura","Brewers","53","231","209","57","12","1","11","27","28","16","61","4","5","2",".271",".334",".498",".831",".346","-2.8","0.0","0.9","41.0","20003"
"Mark Canha","Athletics","48","207","179","44","10","1","9","28","27","21","48","6","1","1",".247",".343",".464",".807",".341","-0.6","-0.2","0.9","208.0","11445"
"Kevin Kiermaier","Rays","42","181","164","40","7","2","5","22","20","13","41","2","6","2",".241",".302",".411",".713",".301","3.6","0.6","0.8","470.3","11038"
"Shohei Ohtani","Angels","42","181","162","46","9","1","9","25","30","16","48","1","4","2",".281",".348",".522",".870",".361","0.0","0.2","0.8","92.0","19755"
"Aaron Hicks","Yankees","40","174","148","36","7","0","7","24","24","22","40","1","2","1",".241",".341",".443",".784",".333","0.0","0.2","0.8","443.7","5297"
"Joc Pederson","Dodgers","40","171","149","37","8","1","10","23","24","18","37","3","1","1",".252",".342",".525",".867",".359","0.4","-0.1","0.8","187.3","11899"
"Carson Kelly","Diamondbacks","40","156","135","34","7","0","5","16","16","18","30","1","0","0",".249",".343",".424",".767",".323","0.6","-0.1","0.8","213.3","13620"
"Mike Moustakas","Reds","53","231","208","55","11","0","13","25","33","19","40","2","1","0",".263",".328",".513",".840",".346","-2.7","-0.5","0.8","74.7","4892"
"Adam Eaton","Nationals","52","223","194","55","10","2","5","27","16","21","38","4","5","1",".284",".365",".428",".793",".342","0.6","0.6","0.8","220.7","11205"
"Amed Rosario","Mets","55","238","222","61","11","3","5","25","21","12","43","2","8","3",".275",".315",".423",".738",".311","-0.9","0.3","0.8","130.3","15518"
"Trent Grisham","Padres","44","192","165","40","7","2","7","22","19","23","41","1","3","2",".243",".339",".429",".768",".327","0.7","0.0","0.8","297.0","18564"
"Whit Merrifield","Royals","57","246","225","64","14","2","5","32","23","16","41","2","9","3",".285",".335",".430",".766",".324","-1.2","0.7","0.8","54.7","11281"
"Jason Castro","Angels","36","142","124","27","6","0","5","17","15","15","45","2","0","0",".216",".309",".384",".692",".299","0.8","-0.2","0.8","411.3","8722"
"Nick Ahmed","Diamondbacks","53","231","208","52","12","2","7","24","26","17","43","1","3","1",".250",".309",".424",".733",".308","1.8","0.1","0.8","435.3","12147"
"Gavin Lux","Dodgers","48","207","187","50","9","2","7","24","24","17","45","1","3","2",".267",".330",".447",".777",".327","-0.6","-0.1","0.8","163.0","19955"
"Eddie Rosario","Twins","50","215","202","57","12","1","10","30","34","10","36","0","2","1",".284",".316",".496",".812",".335","0.1","0.4","0.8","96.3","12155"
"Mike Zunino","Rays","40","156","140","29","6","0","7","17","20","12","53","2","0","0",".204",".276",".398",".674",".286","0.9","-0.1","0.8","438.3","13265"
"Danny Jansen","Blue Jays","31","121","107","26","5","0","4","14","14","10","22","2","1","0",".241",".319",".405",".724",".310","0.3","0.0","0.8","259.7","16535"
"Jean Segura","Phillies","49","210","194","56","11","1","5","25","18","11","26","2","5","2",".289",".334",".433",".767",".325","0.2","0.4","0.8","181.3","5933"
"Will Smith","Dodgers","35","140","123","28","6","0","7","17","21","13","37","2","1","0",".230",".312",".456",".768",".322","0.4","0.1","0.8","164.0","19197"
"Joey Votto","Reds","54","233","195","53","11","0","7","25","21","34","43","2","1","0",".271",".383",".443",".826",".353","0.6","-0.8","0.8","277.3","4314"
"Andrew McCutchen","Phillies","51","220","187","48","9","1","10","26","24","29","49","2","3","2",".257",".359",".469",".828",".350","-0.6","-0.4","0.8","210.7","9847"
"Carter Kieboom","Nationals","47","205","180","46","9","1","6","23","21","20","47","2","2","1",".257",".335",".415",".749",".320","2.0","0.1","0.8","308.3","19958"
"J.P. Crawford","Mariners","53","228","198","46","9","2","5","26","22","25","50","2","3","1",".232",".323",".368",".691",".301","0.2","0.1","0.7","508.7","15491"
"Harrison Bader","Cardinals","38","166","146","35","6","1","6","19","16","15","48","3","4","2",".238",".320",".410",".730",".310","3.1","0.3","0.7","514.0","18030"
"Cavan Biggio","Blue Jays","49","212","179","41","8","1","7","28","24","29","58","1","5","2",".228",".339",".403",".741",".320","0.7","0.4","0.7","127.3","19252"
"Josh Bell","Pirates","56","243","210","57","12","1","11","29","35","30","46","1","1","1",".272",".364",".501",".865",".359","-2.3","-0.8","0.7","91.3","13145"
"Kyle Tucker","Astros","37","161","144","37","7","1","7","23","24","13","37","1","6","2",".256",".322",".468",".789",".330","0.9","0.5","0.7","193.3","18345"
"Jacob Stallings","Pirates","32","126","114","30","7","0","2","11","11","8","24","2","0","0",".259",".313",".386",".699",".297","1.1","-0.1","0.7","421.7","13723"
"Giovanny Urshela","Yankees","46","199","186","51","10","0","7","25","27","10","35","2","1","0",".275",".315",".446",".761",".320","0.2","-0.4","0.7","248.0","10681"
"Matt Carpenter","Cardinals","52","223","186","44","11","1","9","27","22","31","55","3","2","1",".238",".353",".443",".796",".338","-1.1","0.0","0.7","347.3","8090"
"Brandon Belt","Giants","47","205","174","43","10","1","6","21","18","27","46","2","1","1",".246",".351",".426",".777",".332","2.3","-0.1","0.7","513.3","10264"
"Brandon Nimmo","Mets","46","199","164","38","8","1","6","22","18","29","54","4","3","1",".234",".362",".410",".772",".335","-2.5","0.2","0.7","427.3","12927"
"Jackie Bradley Jr.","Red Sox","49","210","184","44","10","1","7","27","25","20","55","4","4","2",".238",".323",".428",".750",".318","0.6","0.4","0.7","487.3","12984"
"Jonathan Villar","Marlins","53","231","206","53","9","1","6","26","18","21","58","1","13","4",".259",".328",".406",".734",".315","-1.8","1.2","0.7","42.0","10071"
"Edwin Encarnacion","White Sox","48","207","178","43","7","0","13","30","35","24","47","3","1","0",".243",".340",".494",".835",".349","0.0","-0.7","0.7","143.7","2151"
"Austin Hedges","Padres","26","102","93","20","4","0","4","9","12","7","30","1","1","0",".216",".273",".398",".671",".280","0.9","-0.1","0.7","564.3","12976"
"Luis Urias","Brewers","47","202","177","44","9","2","5","23","23","19","42","4","2","1",".251",".336",".405",".741",".319","0.0","0.0","0.7","339.0","16622"
"Yadier Molina","Cardinals","44","175","161","42","8","0","5","15","20","9","26","2","2","1",".261",".306",".403",".710",".301","2.0","-0.6","0.7","239.3","7007"
"Yoshitomo Tsutsugo","Rays","40","174","151","38","8","0","8","22","24","20","44","1","0","0",".251",".341",".469",".810",".340","-0.2","0.0","0.7","414.7","27459"
"Tim Anderson","White Sox","56","241","228","63","12","1","8","32","26","9","55","1","7","2",".275",".305",".442",".747",".313","-3.6","0.6","0.7","90.7","15172"
"Jurickson Profar","Padres","47","205","180","44","10","1","7","23","20","20","31","3","3","1",".246",".329",".422",".751",".320","-0.3","0.3","0.7","448.0","10815"
"C.J. Cron","Tigers","50","215","195","51","10","0","11","26","33","14","47","5","0","0",".263",".323",".494",".817",".339","0.8","-0.4","0.7","199.7","12546"
"Tyler Flowers","Braves","25","97","84","19","4","0","3","9","10","9","29","3","0","0",".229",".322",".385",".707",".304","-0.1","-0.2","0.7","538.7","9134"
"Mitch Garver","Twins","36","142","125","31","7","0","6","19","21","15","35","1","0","0",".252",".333",".468",".801",".337","-1.6","-0.1","0.7","116.3","15161"
"David Peralta","Diamondbacks","48","207","188","52","11","1","7","21","22","16","41","2","1","0",".277",".339",".462",".800",".336","0.8","0.0","0.7","250.7","2136"
"Jason Heyward","Cubs","47","202","178","46","8","1","5","22","20","20","34","2","2","1",".257",".337",".411",".748",".320","3.0","0.3","0.7","489.7","4940"
"Sean Murphy","Athletics","36","142","128","31","7","0","5","17","17","11","32","2","1","0",".244",".308",".424",".732",".310","0.7","0.1","0.7","200.7","19352"
"Stephen Piscotty","Athletics","44","192","171","45","10","0","7","23","26","16","40","3","1","0",".261",".331",".455",".786",".332","-0.4","-0.2","0.6","368.0","13367"
"Dansby Swanson","Braves","52","225","201","51","11","1","6","24","24","21","51","1","4","2",".252",".324",".413",".737",".311","-0.2","0.4","0.6","238.3","18314"
"Jeimer Candelario","Tigers","42","181","159","38","9","1","6","21","20","19","44","2","1","0",".240",".327",".419",".746",".318","0.8","0.1","0.6","562.0","13621"
"Salvador Perez","Royals","50","202","190","48","9","0","10","22","29","7","41","3","1","0",".250",".287",".461",".748",".310","3.1","-0.6","0.6","148.7","7304"
"Nick Madrigal","White Sox","41","176","161","45","8","1","2","19","15","10","9","3","7","4",".282",".333",".380",".713",".307","1.3","-0.1","0.6","999.0","sa3008139"
"Cesar Hernandez","Indians","49","212","188","51","8","1","4","25","20","21","37","2","4","1",".272",".347",".393",".740",".319","-0.4","0.1","0.6","267.7","10556"
"Jonathan Schoop","Tigers","50","215","200","52","11","1","10","27","30","10","48","3","1","0",".262",".305",".471",".776",".323","-1.6","-0.3","0.6","292.0","11265"
"David Fletcher","Angels","49","210","192","53","10","1","2","24","18","14","23","1","3","1",".275",".326",".375",".701",".302","1.4","0.2","0.6","390.7","17992"
"Brandon Crawford","Giants","49","210","187","46","10","1","5","19","20","18","43","2","1","1",".246",".316",".385",".701",".297","1.6","-0.2","0.6","562.3","5343"
"Yandy Diaz","Rays","44","189","165","45","8","1","4","23","19","22","37","1","1","1",".270",".356",".397",".753",".326","-0.3","-0.1","0.6","267.7","16578"
"Tommy Edman","Cardinals","40","171","157","43","7","2","4","19","14","10","29","2","5","1",".272",".318",".415",".734",".311","1.2","0.7","0.6","124.3","19470"
"Martin Maldonado","Astros","34","135","121","26","5","0","4","15","14","9","34","3","0","0",".216",".286",".364",".650",".279","1.5","-0.3","0.6","548.3","6887"
"Justin Upton","Angels","52","223","195","46","9","0","11","29","33","24","68","2","2","1",".237",".323",".461",".783",".329","-1.3","0.1","0.6","194.0","5222"
"Brett Gardner","Yankees","44","192","169","42","7","2","6","26","21","19","37","2","4","1",".247",".327",".418",".745",".318","0.1","0.6","0.6","315.0","9927"
"Franmil Reyes","Indians","50","218","195","50","9","0","14","30","38","19","62","1","0","0",".258",".324",".515",".840",".346","0.0","-0.2","0.6","98.3","14566"
"Charlie Blackmon","Rockies","52","225","204","60","12","2","10","33","23","16","41","3","2","2",".296",".355",".520",".875",".364","-1.8","-0.3","0.6","47.7","7859"
"Austin Barnes","Dodgers","23","92","80","18","4","0","2","10","9","10","21","2","1","1",".228",".325",".364",".689",".298","0.1","-0.1","0.6","571.0","12158"
"Jose Abreu","White Sox","55","236","215","58","12","1","11","29","37","14","50","5","1","0",".272",".327",".487",".814",".337","-1.2","-0.6","0.6","64.0","15676"
"Jose Iglesias","Orioles","50","215","201","54","11","1","4","23","21","9","26","2","3","2",".267",".305",".384",".689",".293","1.9","-0.2","0.6","493.3","10231"
"Adam Frazier","Pirates","51","220","198","55","12","2","4","25","18","16","29","3","3","2",".278",".340",".416",".756",".322","0.1","-0.1","0.5","493.3","15223"
"Travis Shaw","Blue Jays","40","171","147","34","7","0","8","21","23","21","43","1","1","0",".231",".329",".442",".771",".325","1.4","-0.1","0.5","329.0","11982"
"Randal Grichuk","Blue Jays","47","205","189","46","11","1","11","26","30","12","56","2","1","1",".242",".295",".492",".787",".325","-2.0","0.0","0.5","258.3","10243"
"Travis d'Arnaud","Braves","34","133","121","31","6","0","5","14","19","10","26","1","0","0",".256",".315",".428",".743",".314","-0.2","-0.2","0.5","230.0","7739"
"Hunter Dozier","Royals","54","233","209","53","12","2","9","28","31","21","63","1","2","1",".251",".321",".457",".777",".326","-0.9","-0.3","0.5","157.3","15117"
"Reese McGuire","Blue Jays","28","111","100","24","5","0","3","12","11","8","22","1","1","1",".239",".301",".381",".681",".291","0.4","0.0","0.5","546.3","15674"
"Miguel Rojas","Marlins","42","181","166","45","9","0","3","16","14","11","22","2","3","1",".271",".321",".377",".698",".299","1.4","-0.3","0.5","548.3","7802"
"Kole Calhoun","Diamondbacks","47","205","179","44","9","1","8","25","23","22","48","2","1","1",".246",".332",".445",".777",".327","1.1","-0.1","0.5","308.7","11200"
"Evan Longoria","Giants","47","205","186","47","10","1","7","19","22","14","42","2","1","0",".253",".309",".432",".741",".311","0.0","-0.1","0.5","388.0","9368"
"Luke Voit","Yankees","38","166","144","37","7","0","7","22","23","19","43","2","0","0",".258",".351",".464",".815",".345","-0.6","-0.2","0.5","177.0","14811"
"Shogo Akiyama","Reds","40","174","156","43","8","1","5","19","17","15","31","1","3","2",".274",".341",".431",".772",".329","-0.4","-0.3","0.5","236.7","27461"
"Bryan Reynolds","Pirates","52","225","203","56","12","2","6","25","22","18","50","2","2","1",".277",".340",".438",".778",".330","-1.4","0.0","0.5","160.0","19326"
"Max Stassi","Angels","21","83","74","15","3","0","2","9","8","7","25","1","0","0",".208",".287",".354",".641",".278","-0.3","-0.2","0.5","999.0","10059"
"Willson Contreras","Cubs","46","183","160","41","8","1","7","19","22","18","44","3","1","1",".256",".342",".458",".800",".338","-0.6","-0.5","0.5","111.0","11609"
"Tom Murphy","Mariners","38","151","140","31","6","1","6","16","19","9","52","1","1","0",".219",".271",".415",".687",".288","0.2","0.0","0.5","230.0","13499"
"Ian Happ","Cubs","43","186","161","39","8","1","8","22","21","22","56","1","3","1",".242",".335",".445",".781",".330","-1.1","0.1","0.5","254.3","17919"
"Marwin Gonzalez","Twins","41","179","161","43","9","0","6","21","24","14","38","2","1","1",".267",".330",".437",".767",".324","0.1","-0.2","0.5","414.0","5497"
"Mike Yastrzemski","Giants","51","220","197","48","11","2","7","24","23","19","57","2","2","2",".244",".315",".428",".743",".313","0.7","-0.1","0.5","303.0","14854"
"Todd Frazier","Rangers","46","199","174","43","8","1","9","25","29","20","43","4","2","1",".244",".331",".444",".776",".328","0.0","-0.4","0.5","475.7","785"
"Austin Hays","Orioles","42","181","170","43","9","1","8","22","24","8","40","2","3","2",".254",".295",".450",".744",".311","0.3","-0.1","0.5","246.7","19363"
"Ender Inciarte","Braves","40","171","154","42","7","1","3","20","13","14","25","1","5","2",".270",".334",".392",".725",".311","1.2","0.3","0.5","464.3","4922"
"Hunter Renfroe","Rays","44","189","172","40","8","0","10","23","29","13","56","1","1","0",".233",".291",".469",".761",".315","0.9","0.0","0.5","236.3","15464"
"Nicky Lopez","Royals","47","202","184","49","8","2","2","22","17","14","22","1","4","2",".267",".323",".364",".687",".298","1.8","0.0","0.5","475.7","19339"
"Yuli Gurriel","Astros","53","231","214","61","14","1","8","29","34","12","27","2","2","1",".285",".326",".471",".797",".333","-1.7","-0.5","0.5","132.7","19198"
"Hanser Alberto","Orioles","50","215","204","58","9","1","5","23","20","7","21","1","2","1",".283",".308",".404",".712",".301","1.4","-0.3","0.5","347.7","11902"
"Khris Davis","Athletics","54","233","207","49","8","0","14","30","39","21","66","3","0","0",".239",".315",".486",".801",".332","0.0","-0.4","0.5","177.0","9112"
"Nicholas Castellanos","Reds","56","241","220","61","17","1","10","28","30","17","56","2","1","1",".277",".332",".507",".839",".348","-2.9","-0.2","0.5","89.3","11737"
"Nick Solak","Rangers","40","174","155","42","7","1","6","22","22","15","38","2","2","1",".271",".341",".444",".784",".333","-0.8","0.1","0.5","255.7","19294"
"Manny Pina","Brewers","25","97","88","21","4","0","3","8","10","7","23","1","0","0",".242",".304",".391",".695",".296","1.2","-0.1","0.5","590.7","2829"
"Robinson Cano","Mets","45","194","178","47","11","0","6","17","17","13","31","2","0","0",".266",".321",".427",".748",".315","-0.7","-0.5","0.5","324.0","3269"
"Ji-Man Choi","Rays","40","174","148","37","8","0","6","20","22","22","42","2","1","1",".247",".346",".437",".783",".333","-0.4","-0.1","0.5","497.0","5452"
"Johan Camargo","Braves","33","142","130","34","8","1","4","15","17","10","28","1","0","0",".266",".321",".438",".758",".319","1.0","-0.1","0.5","495.7","14950"
"Jesse Winker","Reds","42","181","157","44","9","1","6","20","17","21","29","2","1","1",".281",".370",".453",".823",".350","-1.2","-0.4","0.5","442.0","13590"
"Starlin Castro","Nationals","47","202","189","54","10","1","7","20","25","10","35","1","1","1",".287",".324",".453",".777",".325","-1.4","-0.3","0.5","242.3","4579"
"J.D. Davis","Mets","47","202","182","48","9","0","9","22","23","16","48","1","1","0",".265",".327",".462",".789",".331","-1.9","-0.2","0.5","152.0","16219"
"Alex Avila","Twins","20","81","66","14","2","0","3","9","9","13","28","0","0","0",".207",".342",".376",".718",".309","1.0","-0.2","0.5","584.1","7476"
"Manuel Margot","Rays","32","137","125","31","6","1","3","16","14","10","27","1","5","2",".250",".307",".401",".708",".300","2.1","0.3","0.5","536.7","14712"
"Kevin Newman","Pirates","49","210","193","54","10","2","3","20","18","12","27","2","6","3",".279",".325",".398",".723",".308","-0.9","0.0","0.5","185.0","17696"
"Daniel Vogelbach","Mariners","37","158","132","31","5","0","7","20","21","23","39","1","0","0",".236",".352",".444",".796",".339","0.0","-0.1","0.5","489.0","14130"
"A.J. Pollock","Dodgers","43","184","167","43","9","1","7","22","22","12","39","3","4","1",".255",".314",".453",".767",".321","-0.4","0.5","0.5","299.0","9256"
"Mitch Haniger","Mariners","26","114","99","25","5","0","5","15","14","11","29","2","1","0",".251",".337",".458",".796",".335","0.4","0.0","0.5","373.3","14274"
"Yasiel Puig","","32","137","124","33","6","0","6","17","20","11","29","1","4","2",".265",".330",".471",".800",".335","0.4","-0.2","0.5","187.7","14225"
"Elvis Andrus","Rangers","55","238","219","59","12","1","5","30","25","15","36","2","8","3",".272",".320",".405",".725",".308","-1.3","0.5","0.4","135.0","8709"
"Wilson Ramos","Mets","40","156","142","39","7","0","5","12","20","12","24","1","0","0",".274",".330",".433",".763",".322","-1.4","-0.7","0.4","160.0","1433"
"Gregory Polanco","Pirates","49","210","186","46","11","1","8","23","24","21","49","1","4","1",".247",".324",".452",".776",".324","0.0","0.3","0.4","274.3","12907"
"Howie Kendrick","Nationals","40","174","158","47","10","1","5","19","18","12","28","2","2","1",".299",".353",".470",".823",".347","-0.2","-0.3","0.4","392.3","4229"
"Austin Romine","Tigers","31","123","114","29","6","0","4","13","15","7","26","1","1","0",".256",".298",".409",".707",".299","0.2","-0.1","0.4","323.3","5491"
"Tucker Barnhart","Reds","33","130","114","28","6","0","3","10","13","14","26","1","1","0",".243",".327",".383",".710",".303","1.9","-0.4","0.4","484.0","10200"
"Justin Smoak","Brewers","46","199","169","40","8","0","10","19","25","28","47","2","0","0",".237",".349",".457",".806",".342","-0.2","-0.6","0.4","422.3","9054"
"Corey Dickerson","Marlins","45","194","181","49","12","1","6","19","20","11","39","1","1","1",".273",".315",".460",".775",".321","0.3","-0.3","0.4","255.3","10762"
"Avisail Garcia","Brewers","48","207","190","52","10","1","9","22","27","13","48","3","3","1",".274",".326",".469",".796",".333","-0.6","-0.2","0.4","211.0","5760"
"Scott Kingery","Phillies","50","218","200","49","11","1","7","23","20","13","58","2","6","2",".244",".296",".412",".708",".298","1.2","0.7","0.4","149.7","17975"
"Nomar Mazara","White Sox","44","192","174","44","8","1","8","23","26","14","44","2","1","0",".253",".313",".453",".766",".320","-0.4","-0.1","0.4","223.3","14553"
"Lourdes Gurriel Jr.","Blue Jays","50","218","203","53","11","1","9","27","31","10","49","3","3","2",".262",".303",".462",".765",".319","-0.1","-0.2","0.4","139.3","19238"
"Yan Gomes","Nationals","30","118","106","25","5","0","4","11","14","9","30","2","0","0",".236",".306",".410",".715",".302","1.0","-0.1","0.4","502.7","9627"
"Christian Walker","Diamondbacks","49","210","186","47","10","1","9","25","26","19","55","2","2","1",".252",".327",".464",".791",".330","0.5","0.1","0.4","169.7","13419"
"Mallex Smith","Mariners","50","218","195","49","9","3","2","25","17","17","48","3","16","4",".250",".318",".362",".681",".296","-1.7","1.7","0.4","194.0","13608"
"Victor Caratini","Cubs","36","148","131","35","7","0","4","15","15","13","30","2","1","0",".265",".337",".420",".757",".323","-0.4","0.0","0.4","337.0","14968"
"Ryan Braun","Brewers","53","231","210","56","12","1","10","26","30","17","47","2","4","1",".269",".328",".482",".809",".337","-0.2","-0.2","0.4","221.0","3410"
"Nico Hoerner","Cubs","33","142","131","36","6","2","3","15","14","8","17","1","2","1",".271",".319",".407",".726",".309","0.8","0.0","0.4","453.0","21479"
"David Dahl","Rockies","49","210","191","53","11","2","9","26","26","15","55","1","3","2",".278",".333",".494",".826",".344","-1.2","0.1","0.4","149.0","13744"
"Yoenis Cespedes","Mets","35","150","135","35","7","1","8","16","21","12","37","1","1","0",".256",".322",".487",".808",".333","0.0","0.1","0.4","295.0","13110"
"Willie Calhoun","Rangers","48","207","188","51","10","1","10","27","29","16","31","2","1","0",".272",".332",".486",".818",".342","-1.6","-0.1","0.4","179.0","17838"
"Alex Gordon","Royals","44","189","168","42","8","0","5","21","20","16","37","4","2","1",".251",".328",".386",".714",".307","2.2","-0.2","0.4","514.0","5209"
"Rio Ruiz","Orioles","37","161","144","35","6","1","5","17","18","14","36","1","0","0",".243",".312",".397",".709",".302","0.7","-0.2","0.4","592.0","14103"
"Joey Wendle","Rays","27","117","107","27","6","1","2","13","12","6","22","2","3","1",".257",".307",".385",".693",".295","0.9","0.2","0.3","548.0","13853"
"Mauricio Dubon","Giants","44","192","179","47","9","1","4","18","14","9","29","1","5","2",".263",".301",".391",".692",".294","0.9","-0.1","0.3","286.3","16530"
"Rougned Odor","Rangers","50","215","194","46","10","1","11","28","31","16","59","3","5","3",".236",".302",".455",".757",".316","-1.3","0.1","0.3","206.7","12282"
"Nick Senzel","Reds","50","215","194","51","11","2","6","24","21","17","53","2","6","3",".261",".324",".432",".757",".320","0.0","0.1","0.3","225.0","19293"
"Tommy La Stella","Angels","32","137","122","33","5","0","4","17","15","10","16","1","0","0",".272",".330",".416",".746",".312","0.5","-0.1","0.3","283.3","12371"
"Josh Reddick","Astros","35","150","136","36","6","1","4","18","18","12","21","0","1","1",".268",".323",".417",".740",".313","0.1","0.1","0.3","544.3","3892"
"Austin Riley","Braves","42","181","165","41","9","1","10","23","28","12","53","2","0","1",".251",".308",".487",".794",".328","-0.5","-0.1","0.3","277.3","18360"
"Niko Goodrum","Tigers","50","218","196","47","11","2","6","26","23","18","61","1","5","2",".241",".307",".410",".717",".304","-2.6","0.6","0.3","245.3","12092"
"Jorge Alfaro","Marlins","41","161","149","36","6","0","5","13","15","8","54","3","1","1",".241",".292",".391",".682",".289","-0.7","-0.3","0.3","224.0","12180"
"Cameron Maybin","Tigers","40","174","153","39","8","0","4","23","16","18","40","1","6","3",".257",".339",".392",".731",".316","-0.1","0.0","0.3","515.3","5223"
"Jordan Luplow","Indians","26","111","97","24","5","0","4","14","15","12","26","1","1","1",".247",".334",".442",".776",".329","0.9","-0.1","0.3","570.3","16424"
"Enrique Hernandez","Dodgers","27","117","103","25","5","0","5","14","14","11","24","1","1","0",".241",".319",".437",".755",".317","-0.2","0.2","0.3","472.0","10472"
"Shin-Soo Choo","Rangers","52","223","190","48","9","0","7","30","21","27","55","4","4","1",".253",".356",".423",".779",".336","-0.2","0.2","0.3","216.7","3174"
"Robinson Chirinos","Rangers","35","140","119","27","6","0","5","17","17","15","40","4","1","0",".227",".333",".419",".751",".323","-0.2","-0.4","0.3","293.0","3142"
"Dylan Carlson","Cardinals","46","197","175","44","9","2","6","22","21","17","44","2","4","2",".249",".321",".425",".746",".315","-0.5","0.0","0.3","234.0","sa917940"
"Mike Tauchman","Yankees","19","83","73","19","4","1","2","10","10","8","18","1","2","1",".255",".328",".418",".746",".317","1.2","0.0","0.3","477.0","15274"
"Oscar Mercado","Indians","49","212","192","49","10","1","5","26","22","14","43","2","9","4",".253",".311",".391",".703",".301","0.5","0.2","0.3","110.7","16375"
"Alec Bohm","Phillies","20","85","77","20","4","1","3","10","10","7","15","0","1","0",".265",".326",".449",".775",".326","0.2","0.0","0.3","482.0","sa3007284"
"Shed Long","Mariners","46","197","178","42","8","1","5","23","18","16","52","1","3","2",".238",".303",".389",".692",".296","-0.8","0.0","0.3","489.7","16542"
"Maikel Franco","Royals","44","192","174","45","9","0","7","22","26","15","27","1","0","0",".258",".317",".443",".760",".311","-1.3","-0.3","0.3","455.7","12179"
"Chris Taylor","Dodgers","25","106","95","24","6","1","3","13","12","9","29","1","2","1",".251",".324",".424",".748",".317","-0.8","0.3","0.3","453.7","13757"
"Wil Myers","Padres","49","210","186","43","10","1","8","22","23","21","65","1","6","2",".234",".315",".428",".743",".315","-0.4","0.4","0.3","247.7","10047"
"Franklin Barreto","Athletics","26","114","104","24","5","1","4","14","14","8","36","1","2","1",".232",".292",".419",".711",".299","0.0","0.2","0.3","555.0","15519"
"Teoscar Hernandez","Blue Jays","48","207","186","43","9","1","10","26","28","18","64","1","3","2",".234",".304",".455",".759",".317","-0.6","-0.1","0.3","302.0","13066"
"Jarrod Dyson","Pirates","32","137","121","29","4","1","2","16","7","13","23","1","8","2",".238",".315",".338",".653",".286","1.6","1.0","0.3","377.0","4866"
"Michael Chavis","Red Sox","41","179","162","40","8","0","8","22","25","13","53","2","1","0",".246",".309",".456",".765",".320","-1.1","-0.1","0.3","245.3","17321"
"Tyler Naquin","Indians","25","109","100","27","6","0","3","13","13","7","26","1","1","1",".272",".319",".440",".759",".318","1.1","0.0","0.3","590.6","13359"
"Jo Adell","Angels","24","104","95","24","5","0","4","12","12","6","29","1","2","0",".257",".310",".429",".738",".312","0.6","0.2","0.3","999.0","sa3004837"
"Eric Thames","Nationals","38","163","141","34","7","1","8","21","22","18","50","2","2","1",".239",".336",".476",".812",".339","-0.8","0.0","0.3","457.7","3711"
"Brett Phillips","Royals","30","129","113","23","4","2","4","14","13","14","45","1","4","1",".205",".297",".366",".662",".285","2.6","0.5","0.3","601.0","14735"
"Austin Nola","Mariners","39","161","145","35","7","0","3","17","16","13","34","2","1","0",".242",".311",".369",".679",".293","0.5","0.1","0.3","518.3","15941"
"Kevin Pillar","Red Sox","25","106","100","27","7","0","3","13","14","4","16","1","2","1",".270",".304",".433",".737",".308","1.0","0.2","0.3","457.0","12434"
"Ke'Bryan Hayes","","23","98","89","22","5","1","2","10","9","8","19","1","2","1",".251",".314",".388",".702",".301","0.9","0.1","0.2","999.0","sa874730"
"Anthony Santander","Orioles","50","215","200","51","11","1","8","25","27","11","44","2","2","1",".257",".300",".440",".740",".310","0.2","-0.1","0.2","351.3","14551"
"Asdrubal Cabrera","Nationals","26","114","102","27","6","0","4","13","17","10","22","1","1","0",".269",".337",".453",".790",".333","-0.7","-0.2","0.2","432.7","4962"
"Kyle Higashioka","Yankees","13","52","48","11","2","0","2","6","7","3","13","0","0","0",".225",".278",".426",".705",".294","-0.2","0.0","0.2","592.3","5517"
"Mitch Moreland","Red Sox","41","176","157","38","9","1","7","22","26","16","41","1","1","0",".245",".319",".451",".770",".323","0.7","-0.4","0.2","505.0","3086"
"Ryan McMahon","Rockies","47","202","181","48","10","1","8","21","25","18","56","1","2","1",".264",".333",".458",".791",".333","0.2","0.1","0.2","164.3","15112"
"Eric Sogard","Brewers","26","114","100","26","5","0","2","11","8","11","17","1","2","0",".256",".333",".379",".712",".307","0.2","0.1","0.2","547.3","7927"
"Victor Reyes","Tigers","36","155","146","40","7","1","3","17","15","7","30","1","5","2",".271",".303",".394",".697",".295","1.7","0.1","0.2","500.7","15487"
"Dexter Fowler","Cardinals","47","202","173","40","8","1","6","22","20","25","49","2","3","1",".235",".336",".399",".736",".317","-1.5","0.0","0.2","575.0","4062"
"Derek Fisher","Blue Jays","27","117","102","23","4","1","5","15","14","12","37","1","3","1",".228",".315",".427",".743",".315","0.2","0.1","0.2","582.0","16192"
"Francisco Mejia","Padres","40","159","146","37","8","1","5","15","14","9","32","2","1","0",".254",".303",".422",".725",".304","0.0","0.0","0.2","250.0","16403"
"Isan Diaz","Marlins","46","197","174","41","8","1","6","22","20","19","50","1","2","1",".235",".315",".390",".705",".303","-1.8","-0.1","0.2","517.7","17922"
"Matt Joyce","Marlins","32","137","116","28","6","0","5","16","11","20","29","1","1","0",".239",".350",".408",".758",".327","-0.5","-0.2","0.2","592.7","3353"
"Adam Haseley","Phillies","39","168","152","38","7","1","4","17","15","12","37","2","2","1",".252",".313",".395",".708",".302","-0.1","0.0","0.2","509.0","19878"
"Tony Kemp","Athletics","24","104","92","24","4","1","2","12","10","9","15","1","3","1",".259",".327",".378",".705",".304","-0.4","-0.1","0.2","595.0","14894"
"Luis Rengifo","Angels","19","80","72","18","3","1","2","9","8","7","16","1","2","1",".248",".321",".383",".704",".303","0.0","-0.1","0.2","599.5","19858"
"Jesus Aguilar","Marlins","38","163","143","35","6","0","7","17","21","17","39","1","0","0",".245",".325",".435",".760",".322","0.2","-0.2","0.2","324.7","11342"
"Eric Hosmer","Padres","52","225","205","54","9","1","8","22","27","18","49","1","1","1",".263",".324",".433",".757",".318","0.1","-0.5","0.2","195.0","3516"
"Joe Panik","Blue Jays","20","85","76","20","4","0","2","10","8","7","8","1","1","0",".262",".329",".389",".717",".307","-0.1","-0.1","0.2","999.0","11936"
"Domingo Santana","Indians","33","142","125","31","6","0","6","17","19","16","46","1","2","1",".250",".335",".453",".788",".333","-1.6","0.1","0.2","274.3","10348"
"Mike Ford","Yankees","14","60","52","13","3","0","3","8","9","6","11","1","0","0",".256",".340",".484",".824",".344","-0.1","0.0","0.2","588.3","15585"
"Danny Santana","Rangers","47","202","188","49","10","2","8","26","27","10","55","2","7","3",".258",".301",".457",".758",".316","-2.0","0.4","0.2","126.7","10322"
"Russell Martin","","11","43","36","8","1","0","1","5","4","6","11","1","0","0",".215",".333",".347",".681",".300","0.0","-0.1","0.2","999.0","4616"
"Cam Gallagher","Royals","11","43","39","10","2","0","1","4","4","3","7","0","0","0",".248",".307",".367",".673",".290","0.3","-0.1","0.2","600.9","12981"
"Wilmer Flores","Giants","27","117","107","30","6","0","4","11","13","7","14","1","0","0",".279",".327",".448",".775",".327","-0.6","-0.3","0.2","526.3","5827"
"David Bote","Cubs","22","96","84","20","4","0","3","11","11","9","25","1","1","0",".242",".325",".409",".734",".312","-0.2","0.1","0.2","543.7","14593"
"Steven Souza Jr.","Cubs","29","127","111","26","5","1","5","13","15","14","38","1","2","1",".236",".325",".438",".763",".324","-0.1","0.2","0.2","502.7","5667"
"Brock Holt","Brewers","25","109","95","24","5","1","2","11","10","11","22","2","1","1",".256",".340",".379",".719",".312","-0.2","-0.2","0.2","599.7","9345"
"Tyler O'Neill","Cardinals","40","171","155","38","6","0","9","21","23","12","55","1","2","1",".241",".300",".459",".758",".316","-0.1","0.3","0.2","476.7","15711"
"Aledmys Diaz","Astros","15","65","58","15","3","0","2","8","9","5","10","1","1","0",".261",".321",".440",".762",".320","-0.4","-0.1","0.2","549.8","15937"
"Austin Allen","Athletics","19","74","68","16","4","0","3","8","9","5","17","1","0","0",".244",".297",".414",".711",".298","-0.5","0.0","0.2","495.3","18083"
"Jon Berti","Marlins","16","70","62","15","3","0","1","8","5","6","16","1","4","1",".242",".316",".363",".679",".295","0.4","0.3","0.2","247.3","12037"
"D.J. Stewart","Orioles","35","153","134","32","7","1","6","18","19","15","34","2","3","1",".242",".326",".425",".751",".319","-0.9","-0.1","0.2","598.8","17766"
"Brian Dozier","","22","96","84","20","4","0","4","12","12","10","21","1","1","1",".237",".326",".437",".763",".323","-0.2","0.0","0.2","565.3","9810"
"Alex Dickerson","Giants","37","158","142","38","8","1","4","17","16","12","32","2","1","0",".265",".328",".433",".760",".320","-1.3","-0.1","0.2","570.0","12649"
"Freddy Galvis","Reds","50","218","201","50","10","1","6","20","23","13","49","1","2","1",".247",".293",".394",".687",".290","0.0","0.0","0.2","337.0","6609"
"Jose Peraza","Red Sox","23","101","94","26","5","1","2","11","10","4","13","1","3","1",".279",".319",".394",".714",".305","0.0","0.1","0.2","318.3","13593"
"Renato Nunez","Orioles","52","223","201","49","10","0","11","27","32","17","55","3","1","0",".244",".307",".457",".764",".320","0.0","-0.2","0.2","251.0","14503"
"Brad Miller","Cardinals","26","114","101","24","5","1","5","12","15","11","31","1","1","1",".238",".318",".446",".763",".321","-0.2","-0.1","0.2","597.7","12775"
"Jake Lamb","Diamondbacks","37","161","137","32","7","1","6","19","22","20","42","2","1","0",".232",".335",".431",".766",".324","-0.6","0.2","0.2","425.7","13329"
"Tony Wolters","Rockies","36","142","124","31","6","1","2","13","12","14","25","2","1","0",".249",".332",".349",".681",".294","1.9","-0.1","0.2","509.3","11470"
"Leury Garcia","White Sox","35","153","142","38","6","1","3","18","14","6","34","2","4","1",".264",".301",".377",".678",".290","0.3","0.3","0.2","570.7","5913"
"Jason Kipnis","","22","96","85","21","5","0","3","10","11","8","18","1","1","0",".250",".317",".412",".729",".310","-0.2","0.1","0.2","576.0","9776"
"Jedd Gyorko","Brewers","20","88","78","19","3","0","4","9","11","9","20","0","1","0",".246",".324",".445",".768",".325","0.0","-0.1","0.2","590.0","10816"
"Jay Bruce","Phillies","38","163","148","36","8","1","9","18","27","13","39","1","1","0",".242",".304",".493",".797",".329","-0.1","-0.2","0.2","465.7","9892"
"JaCoby Jones","Tigers","46","197","178","40","9","2","6","22","19","14","59","3","4","2",".227",".292",".389",".681",".290","-0.4","0.3","0.2","514.3","14818"
"Jose Martinez","Rays","26","114","102","28","5","0","3","13","14","10","24","1","1","0",".269",".334",".418",".752",".321","0.0","0.0","0.2","462.7","7996"
"Garrett Cooper","Marlins","38","166","150","39","8","0","5","16","16","12","40","2","0","0",".262",".323",".418",".740",".315","0.2","-0.3","0.2","416.0","15279"
"Rowdy Tellez","Blue Jays","28","119","107","27","6","0","5","14","17","9","30","1","1","0",".248",".312",".455",".767",".320","0.1","-0.1","0.2","519.3","15679"
"Josh Rojas","Diamondbacks","20","88","79","21","5","1","2","10","9","8","17","1","3","1",".264",".334",".427",".760",".323","0.3","0.0","0.2","511.0","19734"
"Miguel Andujar","Yankees","41","179","167","45","10","1","7","21","25","8","30","1","1","1",".267",".305",".460",".765",".319","-1.8","0.0","0.1","255.7","15878"
"Dustin Garneau","Astros","13","52","46","10","2","0","2","6","6","4","14","1","0","0",".207",".282",".369",".651",".280","0.4","-0.1","0.1","999.0","9433"
"Myles Straw","Astros","13","54","48","13","2","0","0","6","4","5","10","0","3","1",".260",".334",".329",".663",".293","0.3","0.2","0.1","553.0","17620"
"Sandy Leon","Indians","19","73","67","14","3","0","2","7","7","5","19","1","0","0",".214",".273",".334",".608",".263","0.5","-0.2","0.1","600.9","5273"
"Jake Marisnick","Mets","22","96","87","19","4","1","3","12","9","6","29","2","3","1",".221",".280",".399",".679",".288","0.4","0.2","0.1","592.8","11339"
"Adam Duvall","Braves","26","111","100","23","5","1","5","13","18","8","29","2","1","0",".234",".300",".460",".760",".316","0.7","0.1","0.1","468.7","10950"
"Brian Goodwin","Angels","34","145","130","31","7","1","5","17","17","12","41","1","2","1",".237",".303",".411",".714",".302","-0.2","0.1","0.1","585.7","12858"
"Chad Pinder","Athletics","13","57","52","13","3","0","2","7","7","4","15","1","0","0",".247",".303",".425",".728",".308","0.5","-0.1","0.1","594.7","15191"
"Kevin Cron","","19","80","72","18","4","0","5","11","14","7","23","1","0","0",".248",".319",".501",".821",".339","0.0","-0.1","0.1","540.3","16211"
"Omar Narvaez","Brewers","34","133","116","31","5","0","5","13","13","14","24","1","0","0",".265",".347",".428",".775",".332","-2.3","-0.2","0.1","185.0","13338"
"Brendan Rodgers","Rockies","36","155","142","40","8","1","5","18","18","9","33","2","2","1",".277",".328",".453",".781",".328","0.3","0.0","0.1","483.7","17907"
"James McCann","White Sox","19","75","68","16","3","0","2","8","9","5","21","1","0","0",".240",".298",".390",".688",".294","0.5","-0.1","0.1","452.0","12859"
"Curt Casali","Reds","24","95","84","20","4","0","3","8","10","9","23","1","0","0",".235",".311",".384",".695",".298","-0.4","-0.1","0.1","573.0","12510"
"Ryan Zimmerman","Nationals","41","179","161","42","9","0","8","19","24","14","37","1","1","0",".260",".323",".463",".785",".329","-0.5","0.0","0.1","577.0","4220"
"Francisco Cervelli","Marlins","29","119","101","23","4","0","3","10","11","13","28","3","1","0",".232",".337",".360",".697",".307","-0.8","-0.2","0.1","543.0","5275"
"Michael Perez","Rays","16","62","55","13","3","0","2","6","6","5","16","0","0","0",".227",".292",".369",".661",".284","0.6","-0.1","0.1","999.0","12977"
"Ryan Mountcastle","","30","129","122","32","6","0","5","15","17","5","30","1","1","0",".266",".299",".449",".748",".312","0.2","0.0","0.1","999.0","sa874734"
"Luke Maile","Pirates","23","92","84","18","4","0","2","7","7","6","23","1","1","0",".211",".271",".324",".595",".258","0.5","0.1","0.1","999.0","13355"
"Cole Tucker","","19","83","75","18","4","1","1","9","7","7","17","1","2","1",".242",".307",".367",".673",".289","0.2","0.1","0.1","587.0","17326"
"Zack Cozart","","13","54","49","12","3","0","1","6","6","4","9","1","0","0",".243",".309",".395",".705",".301","0.3","0.0","0.1","999.0","2616"
"Garrett Stubbs","","13","50","45","10","2","0","1","6","5","4","10","1","1","0",".229",".300",".348",".648",".282","0.4","0.1","0.1","599.6","18067"
"Kevin Plawecki","Red Sox","10","38","34","8","2","0","1","4","4","3","7","1","0","0",".246",".320",".390",".710",".304","0.0","-0.1","0.1","600.5","13807"
"Willians Astudillo","Twins","8","32","30","9","2","0","1","4","4","1","2","1","0","0",".290",".319",".455",".774",".325","0.1","-0.1","0.1","517.0","15608"
"Albert Almora Jr.","Cubs","29","127","118","31","6","1","3","13","11","6","22","1","1","1",".266",".304",".406",".710",".299","-0.2","-0.1","0.1","600.8","14109"
"Daniel Robertson","Rays","12","52","45","10","2","0","1","6","5","5","12","1","0","0",".231",".328",".348",".677",".299","0.0","-0.1","0.1","999.0","14145"
"Kurt Suzuki","Nationals","26","102","92","25","5","0","4","10","16","6","13","2","0","0",".268",".326",".457",".782",".329","-1.6","-0.2","0.1","306.0","8259"
"Jake Rogers","","13","50","44","9","2","0","2","5","5","4","15","1","0","0",".204",".282",".372",".654",".280","0.5","0.0","0.1","600.7","19452"
"Willi Castro","","14","60","55","14","3","1","1","6","6","3","13","1","1","0",".254",".302",".387",".689",".294","-0.1","0.0","0.1","598.4","17338"
"Dee Gordon","Mariners","29","124","117","32","4","1","1","13","9","4","18","1","6","2",".276",".308",".356",".664",".285","-0.9","0.5","0.1","343.3","8203"
"Donovan Solano","Giants","19","80","75","20","4","0","1","7","6","4","14","1","0","0",".271",".307",".371",".678",".291","0.2","-0.1","0.1","999.0","8623"
"Daniel Murphy","Rockies","46","197","180","53","13","1","7","22","27","14","29","1","1","0",".292",".343",".482",".824",".344","-0.2","-0.2","0.1","254.7","4316"
"Orlando Arcia","Brewers","17","75","69","17","3","0","2","7","7","5","15","0","1","1",".248",".303",".382",".684",".290","0.5","0.0","0.1","517.7","13185"
"Isaac Paredes","","7","31","28","7","1","0","1","3","3","2","4","0","0","0",".259",".323",".410",".733",".313","0.0","0.0","0.1","999.0","sa920275"
"Jake Fraley","Mariners","39","168","154","37","8","1","5","18","19","10","41","2","5","2",".238",".291",".400",".691",".292","0.3","0.0","0.1","501.0","19260"
"Josh Naylor","Padres","25","109","98","26","5","0","3","12","12","10","19","1","1","0",".263",".330",".427",".758",".321","-0.3","0.0","0.1","581.3","18839"
"Sheldon Neuse","","11","47","43","11","2","0","1","5","5","3","13","0","0","0",".250",".301",".382",".682",".291","0.2","0.0","0.1","600.5","19635"
"Lane Thomas","Cardinals","14","62","56","13","2","1","2","6","7","5","17","1","2","1",".238",".303",".403",".706",".300","0.3","-0.1","0.1","600.7","16939"
"Aristides Aquino","Reds","32","137","126","30","5","1","8","16","21","9","40","1","2","1",".239",".293",".481",".774",".319","0.0","0.1","0.1","420.3","15482"
"Robbie Grossman","Athletics","14","60","51","13","3","0","1","7","6","8","11","0","1","0",".250",".349",".376",".725",".316","-0.4","0.0","0.1","599.1","5254"
"Nick Markakis","Braves","35","150","133","37","8","0","3","15","17","14","21","1","0","0",".279",".350",".412",".762",".325","-0.6","-0.3","0.1","490.7","5930"
"Austin Slater","Giants","13","54","48","12","2","0","1","6","6","5","15","1","1","0",".251",".336",".392",".727",".314","0.0","0.0","0.1","999.0","16153"
"Jake Cave","Twins","12","52","47","12","3","0","2","6","7","4","15","1","0","0",".257",".317",".437",".754",".318","-0.5","0.0","0.1","600.9","14477"
"Garrett Hampson","Rockies","27","117","106","28","5","1","2","13","9","9","25","1","6","2",".269",".325",".401",".726",".310","0.0","0.5","0.1","168.7","19262"
"Abraham Toro","Astros","6","26","23","6","1","0","1","3","3","2","5","0","0","0",".249",".321",".418",".740",".315","0.1","0.0","0.1","591.1","19844"
"Jake Bauers","Indians","18","78","68","16","4","0","2","9","9","9","20","1","2","1",".234",".324",".404",".728",".313","0.0","0.1","0.1","554.7","15194"
"Colin Moran","Pirates","40","174","158","42","8","1","5","15","21","13","37","1","0","1",".264",".320",".415",".735",".310","-1.8","-0.4","0.1","480.0","16909"
"Stephen Vogt","Diamondbacks","32","134","121","30","8","1","5","12","17","10","29","1","1","0",".248",".307",".445",".751",".314","-1.0","-0.2","0.1","510.0","5000"
"Logan Morrison","","13","54","48","12","2","0","3","7","8","5","13","1","0","0",".242",".321",".484",".805",".336","0.0","0.0","0.1","999.0","9205"
"Yolmer Sanchez","","16","70","63","16","3","1","1","7","6","5","14","1","1","1",".251",".310",".366",".676",".291","0.0","-0.1","0.1","999.0","11602"
"Adeiny Hechavarria","Braves","12","52","48","12","2","0","1","6","5","3","10","0","1","0",".258",".300",".384",".685",".290","0.4","0.0","0.1","598.8","10459"
"Billy Hamilton","","16","67","61","14","2","1","0","8","3","5","16","0","4","1",".231",".294",".311",".605",".266","1.0","0.6","0.1","567.0","10199"
"Ronald Guzman","Rangers","36","155","138","34","7","0","5","18","19","14","41","2","1","1",".244",".319",".419",".739",".313","1.2","-0.2","0.1","600.5","14388"
"Danny Mendick","White Sox","7","31","28","7","1","0","1","3","3","3","6","0","1","0",".241",".308",".371",".679",".293","0.2","0.0","0.1","600.6","18889"
"Ryan O'Hearn","Royals","38","163","144","33","8","1","7","18","20","16","43","1","0","0",".230",".311",".429",".740",".313","-0.3","-0.1","0.1","533.3","16442"
"Jonathan Lucroy","Red Sox","10","40","36","9","2","0","1","4","5","3","6","0","0","0",".259",".321",".392",".713",".305","-0.1","-0.1","0.1","596.6","7870"
"Jed Lowrie","Mets","19","80","71","17","4","0","2","8","8","8","16","0","0","0",".240",".317",".387",".704",".303","-0.2","-0.1","0.1","600.6","4418"
"Greg Garcia","Padres","8","34","28","7","1","0","0","4","2","4","7","1","0","0",".241",".348",".341",".689",".306","0.0","0.0","0.1","999.0","10951"
"Christin Stewart","Tigers","37","158","139","33","7","1","6","18","19","16","40","2","0","0",".240",".322",".428",".751",".317","-1.8","-0.2","0.1","558.7","17714"
"Ramon Urias","","8","34","30","7","2","0","1","4","3","3","7","1","0","0",".245",".317",".394",".711",".305","0.0","0.0","0.1","999.0","sa597169"
"Brandon Drury","Blue Jays","31","132","121","28","7","0","4","14","14","9","33","1","0","0",".236",".293",".396",".688",".292","-0.2","-0.1","0.1","600.7","11615"
"Nathaniel Lowe","","5","21","18","5","1","0","1","3","3","2","5","0","0","0",".261",".344",".452",".797",".337","0.0","0.0","0.1","464.7","19566"
"Michael Brosseau","","5","23","21","5","1","0","1","3","3","1","5","0","0","0",".250",".309",".407",".716",".305","0.0","0.0","0.1","999.0","19683"
"Matt Beaty","Dodgers","24","104","95","26","6","0","3","11","13","6","15","1","1","0",".269",".320",".425",".745",".315","0.0","0.0","0.1","578.0","17710"
"Bradley Zimmer","","8","34","30","7","1","0","1","4","4","3","12","0","1","0",".225",".301",".385",".686",".294","0.3","0.1","0.1","579.0","16221"
"Rene Rivera","","5","19","17","4","1","0","1","2","2","1","6","0","0","0",".214",".272",".384",".656",".278","0.2","0.0","0.1","999.0","3648"
"Rob Brantly","","8","33","30","7","1","0","1","3","3","2","6","0","0","0",".244",".299",".357",".656",".281","0.1","0.0","0.1","601.0","10655"
"Ehire Adrianza","Twins","9","39","35","9","2","0","1","5","4","3","7","0","0","0",".257",".316",".394",".710",".302","-0.3","0.0","0.1","586.0","8418"
"Tim Locastro","Diamondbacks","12","52","46","12","3","0","1","6","4","3","10","2","2","0",".254",".329",".381",".710",".309","-0.2","0.3","0.1","599.0","15124"
"Tomas Nido","Mets","16","62","58","13","3","0","1","5","6","3","14","0","0","0",".223",".261",".350",".611",".258","-0.4","0.0","0.0","600.8","13755"
"Jonah Heim","Athletics","6","24","22","5","1","0","0","2","2","2","4","0","0","0",".228",".282",".343",".625",".269","0.2","0.0","0.0","999.0","sa737843"
"Matt Duffy","","6","26","23","6","1","0","0","3","2","2","4","0","0","0",".279",".348",".389",".737",".319","-0.1","0.0","0.0","601.0","13836"
"Travis Demeritte","Tigers","13","54","48","11","2","0","2","6","6","5","17","0","1","0",".229",".304",".419",".723",".307","0.0","0.0","0.0","596.0","15958"
"Randy Arozarena","","6","26","23","6","1","0","1","3","3","2","6","1","1","0",".249",".321",".402",".723",".310","-0.1","0.0","0.0","560.7","19290"
"Ben Gamel","Brewers","16","70","62","16","3","0","1","8","6","7","17","1","1","0",".256",".331",".387",".718",".308","-0.2","0.1","0.0","999.0","12160"
"Dom Nunez","Rockies","7","26","23","5","1","0","1","3","3","3","7","0","0","0",".220",".304",".390",".694",".296","0.1","0.0","0.0","600.0","15055"
"Aramis Garcia","Giants","8","31","28","6","1","0","1","3","3","2","10","0","0","0",".212",".265",".357",".621",".265","0.1","0.0","0.0","999.0","16925"
"Billy McKinney","Blue Jays","11","47","42","10","2","0","2","6","5","4","11","0","0","0",".234",".303",".430",".732",".308","0.1","-0.1","0.0","999.0","15654"
"Scooter Gennett","","11","47","43","11","2","0","1","5","6","3","10","0","0","0",".263",".309",".416",".724",".306","-0.5","0.0","0.0","586.3","10339"
"Phillip Ervin","Reds","14","60","53","13","2","1","2","7","6","5","15","1","2","1",".244",".319",".417",".736",".313","-0.1","0.0","0.0","600.7","14738"
"Delino DeShields","Indians","16","67","59","13","3","0","1","8","5","7","17","0","4","1",".228",".308",".328",".637",".281","0.1","0.5","0.0","487.0","11379"
"Luis Guillorme","Mets","9","39","34","8","1","0","1","4","3","4","6","0","0","0",".247",".321",".339",".660",".290","-0.1","0.0","0.0","999.0","16451"
"John Ryan Murphy","","5","19","17","4","1","0","1","2","2","1","5","0","0","0",".211",".266",".358",".624",".265","0.0","0.0","0.0","999.0","10346"
"Ty France","Padres","8","36","32","8","2","0","1","4","4","2","7","1","0","0",".258",".327",".436",".764",".324","0.0","-0.1","0.0","574.3","17982"
"Christian Arroyo","Indians","10","41","38","9","2","0","1","4","5","2","9","0","0","0",".248",".300",".396",".695",".295","0.0","0.0","0.0","999.0","16434"
"Matt Reynolds","Royals","7","31","28","7","2","0","1","3","3","3","8","0","0","0",".242",".319",".374",".693",".299","-0.2","0.0","0.0","999.0","13788"
"Tyler Heineman","","3","12","11","3","1","0","0","1","1","1","2","0","0","0",".244",".306",".365",".671",".289","0.1","0.0","0.0","600.9","13897"
"Jonathan Davis","Blue Jays","10","44","39","8","2","0","1","5","4","3","11","1","1","0",".217",".298",".348",".646",".281","0.2","0.0","0.0","999.0","15104"
"Pedro Severino","Orioles","27","107","96","23","4","0","3","11","12","8","22","1","1","0",".238",".300",".385",".685",".293","-0.6","0.0","0.0","508.7","14523"
"Clint Frazier","Yankees","10","44","40","10","2","0","2","5","6","3","12","0","1","0",".243",".304",".445",".749",".314","-0.4","0.0","0.0","562.0","15983"
"Dawel Lugo","Tigers","13","54","52","14","2","0","1","6","5","2","9","0","0","0",".262",".291",".389",".680",".287","0.0","0.0","0.0","593.3","14713"
"Dustin Pedroia","Red Sox","4","16","14","4","1","0","0","2","2","1","2","0","0","0",".266",".330",".372",".702",".304","0.1","0.0","0.0","999.0","8370"
"Chad Wallach","Marlins","4","14","13","3","1","0","0","1","1","1","4","0","0","0",".211",".290",".341",".631",".275","0.0","0.0","0.0","999.0","17161"
"Ildemaro Vargas","Diamondbacks","5","21","19","5","1","0","0","2","2","1","2","0","0","0",".277",".316",".401",".717",".305","-0.1","0.0","0.0","999.0","13324"
"Jung Ho Kang","","4","18","16","4","1","0","1","2","2","1","5","0","0","0",".230",".303",".442",".745",".314","-0.2","0.0","0.0","999.0","17182"
"Chance Sisco","Orioles","29","114","99","24","5","0","4","13","13","10","33","3","0","0",".238",".326",".399",".724",".313","-1.2","-0.1","0.0","529.3","15694"
"Grayson Greiner","Tigers","14","57","51","11","2","0","1","5","6","4","16","0","0","0",".218",".281",".347",".628",".271","0.2","0.0","0.0","600.2","17062"
"Rylan Bannon","Orioles","6","26","23","5","1","0","1","3","3","2","5","0","0","0",".235",".306",".380",".686",".294","0.0","0.0","0.0","999.0","sa3004162"
"Jaylin Davis","Giants","21","91","82","19","3","0","3","9","8","7","27","1","1","1",".233",".297",".397",".694",".295","0.3","0.0","0.0","598.5","19552"
"Greg Bird","","7","31","27","6","1","0","1","4","4","4","8","0","0","0",".227",".324",".438",".761",".322","0.1","0.0","0.0","600.5","14131"
"Andrew Knizner","","6","24","22","6","1","0","1","3","2","1","4","0","0","0",".259",".315",".396",".711",".304","0.1","0.0","0.0","600.8","19514"
"Jordy Mercer","","16","70","64","16","3","0","2","7","7","5","13","1","0","0",".247",".307",".385",".692",".293","-0.4","0.0","0.0","999.0","6547"
"Derek Dietrich","","6","26","23","5","1","0","1","3","3","2","6","1","0","0",".242",".332",".450",".781",".330","0.0","0.0","0.0","588.3","10542"
"Jose Osuna","Pirates","28","119","109","28","8","0","4","14","14","8","22","1","1","0",".261",".313",".441",".754",".317","-0.3","-0.1","0.0","576.0","12937"
"Michael Lorenzen","Reds","3","13","12","3","1","0","1","2","3","1","2","0","0","0",".244",".306",".422",".728",".309","0.0","0.0","0.0","479.3","14843"
"Thairo Estrada","","6","26","24","6","1","0","1","3","3","1","5","0","0","0",".250",".292",".383",".676",".288","0.0","0.0","0.0","599.3","16426"
"Daulton Varsho","Diamondbacks","1","5","4","1","0","0","0","1","1","0","1","0","0","0",".267",".327",".438",".765",".324","0.0","0.0","0.0","999.0","sa3002838"
"Chris Herrmann","","4","14","12","3","0","0","0","2","1","2","4","0","0","0",".204",".293",".342",".635",".277","0.0","0.0","0.0","999.0","9284"
"J.T. Riddle","Pirates","10","44","41","10","2","0","1","4","5","2","9","0","0","0",".244",".285",".393",".678",".285","0.0","0.0","0.0","999.0","17642"
"Scott Heineman","","11","47","42","11","2","0","1","5","5","3","12","1","1","1",".252",".316",".396",".712",".305","-0.1","-0.1","0.0","999.0","14453"
"Santiago Espinal","","5","21","19","5","1","0","0","2","2","1","3","0","0","0",".246",".294",".345",".639",".275","0.2","0.0","0.0","999.0","sa918188"
"Jake Cronenworth","Padres","2","10","9","2","0","0","0","1","1","1","2","0","0","0",".252",".321",".358",".679",".295","0.0","0.0","0.0","999.0","sa857694"
"Anthony Bemboom","","3","12","11","2","0","0","0","1","1","1","3","0","0","0",".203",".267",".305",".572",".249","0.1","0.0","0.0","999.0","13854"
"Erik Kratz","","1","5","4","1","0","0","0","0","1","0","1","0","0","0",".231",".287",".381",".668",".285","0.0","0.0","0.0","999.0","4403"
"Ben Zobrist","","8","36","32","8","2","0","1","4","4","4","5","0","0","0",".260",".341",".377",".718",".312","-0.2","-0.1","0.0","999.0","7435"
"LaMonte Wade","","2","10","9","2","0","0","0","1","1","1","2","0","0","0",".246",".341",".365",".706",".309","-0.1","0.0","0.0","999.0","18126"
"Tim Beckham","","14","60","55","13","3","0","2","7","7","4","17","0","0","0",".239",".295",".417",".712",".301","-0.7","-0.1","0.0","600.6","7949"
"David Freitas","","1","5","4","1","0","0","0","1","0","0","1","0","0","0",".258",".327",".386",".713",".307","0.0","0.0","0.0","999.0","10619"
"Vimael Machin","Athletics","4","16","14","3","1","0","0","2","1","2","3","0","0","0",".239",".318",".341",".659",".286","0.0","0.0","0.0","999.0","sa602488"
"Tim Lopes","Mariners","8","36","33","8","2","0","0","4","3","3","7","0","1","1",".248",".303",".350",".653",".283","0.1","0.0","0.0","594.0","14137"
"Bryan Holaday","","2","7","6","2","0","0","0","1","1","1","1","0","0","0",".240",".305",".378",".683",".290","0.1","0.0","0.0","999.0","11287"
"Zack Collins","","3","13","11","2","0","0","0","1","1","2","4","0","0","0",".207",".320",".386",".706",".305","-0.1","0.0","0.0","600.9","19181"
"Josh VanMeter","Reds","10","44","39","10","2","0","1","5","5","4","10","0","1","0",".249",".322",".429",".751",".318","0.0","0.0","0.0","598.9","15170"
"Eric Haase","Tigers","2","7","6","1","0","0","0","1","1","0","3","0","0","0",".204",".266",".404",".670",".282","0.0","0.0","0.0","600.8","14111"
"Esteban Quiroz","","1","5","5","1","0","0","0","1","1","1","1","0","0","0",".233",".320",".383",".704",".302","0.0","0.0","0.0","999.0","sa596560"
"Alex Jackson","","3","12","11","2","0","0","1","1","2","1","4","0","0","0",".204",".269",".397",".666",".280","0.0","0.0","0.0","999.0","17276"
"Steven Duggar","","13","54","49","12","3","0","1","5","5","5","16","0","1","1",".243",".309",".363",".672",".290","-0.3","-0.1","0.0","600.8","17719"
"Daniel Johnson","","3","13","12","3","1","0","0","2","1","1","3","0","0","0",".253",".308",".417",".725",".307","0.0","0.0","0.0","999.0","sa918018"
"Cedric Mullins II","","4","16","14","3","1","0","0","2","1","1","3","0","1","0",".237",".292",".377",".669",".285","0.0","0.0","0.0","575.9","17929"
"Dylan Moore","Mariners","7","28","25","5","1","0","1","3","3","2","7","1","1","1",".213",".289",".351",".640",".277","-0.1","0.0","0.0","594.0","18042"
"Andy Young","","1","5","5","1","0","0","0","1","1","0","1","0","0","0",".237",".306",".420",".726",".309","0.0","0.0","0.0","999.0","sa919031"
"Alex Kirilloff","Twins","2","8","7","2","0","0","0","1","1","0","2","0","0","0",".273",".315",".429",".745",".314","0.0","0.0","0.0","999.0","sa917929"
"Taylor Ward","Angels","2","8","7","2","0","0","0","1","1","1","2","0","0","0",".238",".321",".400",".721",".309","0.0","0.0","0.0","999.0","17548"
"Cheslor Cuthbert","","5","23","21","5","1","0","1","2","3","2","5","0","0","0",".241",".297",".404",".701",".297","-0.1","0.0","0.0","999.0","10473"
"Michael A. Taylor","Nationals","14","60","54","13","3","0","2","6","5","4","19","0","2","1",".232",".292",".388",".679",".288","0.5","0.2","0.0","597.2","11489"
"Hernan Perez","","2","10","10","2","0","0","0","1","1","1","2","0","0","0",".253",".293",".407",".700",".295","-0.1","0.0","0.0","999.0","5751"
"Austin Wynns","Orioles","2","9","9","2","0","0","0","1","1","1","2","0","0","0",".241",".297",".350",".647",".280","0.0","0.0","0.0","999.0","15271"
"Cristian Pache","","4","16","14","4","1","0","0","2","2","1","4","0","0","0",".247",".293",".398",".691",".292","0.1","0.0","0.0","596.2","sa916722"
"Donnie Walton","","1","5","5","1","0","0","0","1","0","0","1","0","0","0",".241",".309",".346",".655",".286","0.0","0.0","0.0","999.0","19314"
"Jack Mayfield","","1","5","5","1","0","0","0","1","1","0","1","0","0","0",".232",".278",".404",".683",".287","0.0","0.0","0.0","999.0","15402"
"Franchy Cordero","Padres","37","161","146","32","6","2","5","17","18","12","57","1","3","1",".223",".284",".401",".686",".290","0.3","0.4","0.0","365.0","14567"
"Jared Walsh","Angels","1","5","5","1","0","0","0","1","1","0","2","0","0","0",".233",".301",".433",".734",".309","0.0","0.0","0.0","600.8","18607"
"Breyvic Valera","Padres","1","5","5","1","0","0","0","1","0","0","1","0","0","0",".258",".322",".373",".694",".300","0.0","0.0","0.0","999.0","12758"
"Wyatt Mathisen","","1","3","2","1","0","0","0","0","0","0","1","0","0","0",".235",".321",".407",".728",".313","0.0","0.0","0.0","999.0","sa657937"
"Ryon Healy","","2","8","7","2","0","0","0","1","1","0","2","0","0","0",".260",".303",".470",".773",".322","-0.1","0.0","0.0","590.3","15447"
"Austin Dean","","2","8","7","2","0","0","0","1","1","1","2","0","0","0",".266",".318",".438",".756",".319","-0.1","0.0","0.0","999.0","18288"
"Kevan Smith","","1","5","4","1","0","0","0","0","0","0","1","0","0","0",".259",".311",".382",".694",".298","-0.1","0.0","0.0","601.0","12284"
"Deivy Grullon","","1","5","4","1","0","0","0","1","1","0","1","0","0","0",".231",".294",".418",".711",".301","-0.1","0.0","0.0","600.1","15988"
"Ryan McBroom","Royals","22","96","87","22","4","0","3","11","10","7","25","1","0","0",".249",".309",".403",".712",".302","0.1","-0.1","0.0","596.0","16524"
"Abraham Almonte","","4","16","14","3","1","0","0","2","1","2","4","0","0","0",".229",".315",".397",".712",".305","-0.2","0.0","0.0","999.0","5486"
"Edmundo Sosa","","4","16","14","4","1","0","0","2","1","1","3","0","0","0",".247",".287",".371",".658",".280","0.0","0.0","0.0","999.0","17022"
"Kelvin Gutierrez","","2","8","7","2","0","0","0","1","1","1","2","0","0","0",".247",".301",".363",".665",".286","0.1","0.0","0.0","999.0","17468"
"Devon Travis","","6","26","24","6","1","0","1","3","3","1","5","0","0","0",".258",".296",".408",".704",".298","-0.3","0.0","0.0","999.0","13862"
"Juan Lagares","","8","34","31","7","1","0","1","4","2","2","8","0","1","0",".238",".296",".356",".652",".278","0.1","0.0","0.0","999.0","5384"
"Luis Torrens","Padres","1","5","4","1","0","0","0","0","0","0","1","0","0","0",".238",".296",".363",".659",".282","0.0","0.0","0.0","999.0","15905"
"Dominic Smith","Mets","38","163","149","37","8","0","6","18","17","12","38","1","1","1",".248",".307",".417",".724",".307","-0.5","-0.1","0.0","501.3","15653"
"Nick Gordon","","1","5","5","1","0","0","0","1","0","0","1","0","0","0",".250",".294",".361",".655",".281","0.0","0.0","0.0","999.0","sa828662"
"Cesar Puello","","1","3","2","1","0","0","0","0","0","0","1","0","0","0",".248",".332",".382",".714",".310","0.0","0.0","0.0","999.0","7216"
"Mike Freeman","Indians","2","10","9","2","0","0","0","1","1","1","3","0","0","0",".237",".307",".334",".641",".280","0.1","0.0","0.0","600.6","11241"
"Yonathan Daza","","2","8","7","2","0","0","0","1","1","0","1","0","0","0",".298",".333",".414",".747",".318","0.0","0.0","0.0","999.0","15794"
"Yu-Cheng Chang","","6","26","23","5","1","0","1","3","3","2","7","0","0","0",".221",".287",".368",".655",".280","0.0","0.0","0.0","999.0","14773"
"Bobby Bradley","","2","8","7","2","0","0","0","1","1","1","3","0","0","0",".226",".292",".450",".742",".309","0.0","0.0","0.0","999.0","17278"
"Yusniel Diaz","Orioles","11","49","44","11","2","0","1","6","5","4","11","0","0","1",".245",".314",".404",".718",".307","-0.2","-0.2","0.0","999.0","sa912848"
"Brent Rooker","Twins","1","5","5","1","0","0","0","1","1","0","2","0","0","0",".230",".302",".427",".730",".308","0.0","0.0","0.0","999.0","sa3003172"
"Ryan McKenna","","4","16","14","3","1","0","0","2","1","1","4","0","0","0",".234",".303",".355",".659",".285","0.0","0.0","0.0","999.0","sa875055"
"Taylor Jones","","1","5","5","1","0","0","0","1","1","0","1","0","0","0",".227",".304",".379",".683",".294","0.0","0.0","0.0","999.0","sa876202"
"Tres Barrera","","1","2","2","1","0","0","0","0","0","0","0","0","0","0",".234",".294",".363",".657",".283","0.0","0.0","0.0","999.0","19977"
"Mason Williams","Orioles","3","13","12","3","0","0","0","1","1","1","3","0","0","0",".262",".311",".387",".698",".298","-0.2","0.0","0.0","999.0","11859"
"Robel Garcia","","1","3","2","1","0","0","0","0","0","0","1","0","0","0",".221",".293",".423",".715",".301","0.0","0.0","0.0","999.0","13167"
"Nicky Delmonico","White Sox","2","8","7","2","0","0","0","1","1","1","2","0","0","0",".232",".312",".410",".722",".307","-0.1","0.0","0.0","999.0","13157"
"Seby Zavala","","1","5","4","1","0","0","0","0","1","0","2","0","0","0",".204",".262",".361",".623",".266","0.0","0.0","0.0","999.0","18887"
"Logan Forsythe","","1","5","4","1","0","0","0","1","0","1","1","0","0","0",".230",".324",".357",".681",".298","0.0","0.0","0.0","999.0","7185"
"Ronny Rodriguez","","1","5","5","1","0","0","0","1","1","0","1","0","0","0",".246",".278",".428",".706",".294","0.0","0.0","0.0","525.3","11875"
"Beau Taylor","","1","5","4","1","0","0","0","0","0","1","1","0","0","0",".210",".304",".328",".631",".278","0.0","0.0","0.0","999.0","12384"
"Roman Quinn","Phillies","19","80","72","17","3","1","2","8","7","7","22","1","4","1",".237",".306",".381",".687",".295","-0.9","0.3","0.0","515.0","13546"
"Wilmer Difo","Nationals","3","13","12","3","0","0","0","1","1","1","3","0","0","0",".246",".308",".351",".659",".283","0.0","0.0","0.0","999.0","14320"
"Raudy Read","","1","2","2","1","0","0","0","0","0","0","0","0","0","0",".246",".285",".409",".694",".290","0.0","0.0","0.0","999.0","15766"
"Jose Trevino","Rangers","4","14","13","3","1","0","0","1","1","1","2","0","0","0",".232",".264",".343",".607",".259","0.2","0.0","0.0","999.0","16725"
"Rangel Ravelo","Cardinals","1","3","2","1","0","0","0","0","0","0","0","0","0","0",".261",".325",".408",".733",".313","0.0","0.0","0.0","999.0","10839"
"Matt Thaiss","Angels","13","54","49","12","2","0","2","6","6","5","12","0","0","0",".237",".309",".392",".701",".300","-0.1","-0.1","0.0","600.8","19318"
"Tzu-Wei Lin","Red Sox","2","10","9","2","0","0","0","1","1","1","2","0","0","0",".243",".299",".351",".650",".281","0.0","0.0","0.0","999.0","14678"
"Bobby Dalbec","","5","21","18","4","1","0","1","2","3","2","7","0","0","0",".229",".308",".426",".733",".309","0.0","0.0","0.0","999.0","sa857701"
"Christian Lopes","Marlins","1","3","2","1","0","0","0","0","0","0","1","0","0","0",".234",".310",".355",".665",".289","0.0","0.0","0.0","999.0","sa601044"
"Brian O'Grady","","1","3","2","0","0","0","0","0","0","0","1","0","0","0",".209",".288",".392",".680",".288","0.0","0.0","0.0","600.5","16729"
"Kean Wong","","2","8","7","2","0","0","0","1","1","0","2","0","0","0",".252",".303",".357",".661",".285","0.0","0.0","0.0","999.0","15994"
"Mark Mathias","","1","3","2","1","0","0","0","0","0","0","1","0","0","0",".229",".301",".360",".661",".286","0.0","0.0","0.0","999.0","sa875006"
"Joe Hudson","","1","5","4","1","0","0","0","0","0","0","2","0","0","0",".185",".253",".299",".553",".242","0.1","0.0","0.0","999.0","14412"
"Daz Cameron","","1","5","5","1","0","0","0","1","0","0","1","0","0","0",".221",".297",".365",".662",".286","0.0","0.0","0.0","999.0","sa874736"
"Zach McKinstry","","1","5","5","1","0","0","0","1","1","0","1","0","0","0",".234",".295",".372",".667",".286","0.0","0.0","0.0","999.0","sa918920"
"Yairo Munoz","Red Sox","2","8","7","2","0","0","0","1","1","0","2","0","0","0",".257",".303",".395",".698",".295","0.0","0.0","0.0","999.0","16313"
"Eric Filia","Mariners","1","3","2","1","0","0","0","0","0","0","0","0","0","0",".258",".332",".356",".688",".298","0.0","0.0","0.0","999.0","sa827359"
"Max Schrock","Cardinals","1","5","5","1","0","0","0","1","0","0","1","0","0","0",".248",".305",".339",".643",".280","0.0","0.0","0.0","999.0","sa658670"
"Yangervis Solarte","","1","5","5","1","0","0","0","1","1","0","1","0","0","0",".253",".306",".414",".719",".303","-0.1","0.0","0.0","999.0","5352"
"Brandon Dixon","Tigers","1","5","5","1","0","0","0","1","1","0","2","0","0","0",".235",".281",".409",".689",".290","0.0","0.0","0.0","600.3","15214"
"Luke Raley","","1","5","5","1","0","0","0","1","1","0","1","0","0","0",".239",".296",".401",".696",".295","0.0","0.0","0.0","999.0","sa918048"
"Alex Blandino","Reds","4","18","15","3","1","0","0","2","1","2","5","0","0","0",".217",".322",".346",".668",".295","-0.2","0.0","0.0","999.0","16271"
"Humberto Arteaga","Royals","1","5","5","1","0","0","0","0","0","0","1","0","0","0",".250",".282",".326",".608",".263","0.1","0.0","0.0","999.0","13595"
"Kyle Farmer","Reds","8","32","30","7","2","0","1","3","4","2","7","0","0","0",".238",".290",".378",".668",".284","-0.1","0.0","0.0","600.9","14813"
"Nick Martini","Phillies","1","3","2","1","0","0","0","0","0","0","1","0","0","0",".249",".336",".360",".696",".304","0.0","0.0","0.0","999.0","12005"
"Trey Mancini","Orioles","0","0","0","0","0","0","0","0","0","0","0","0","0","0",".000",".000",".000",".000",".000","0.0","0.0","0.0","403.0","15149"
"Luis Alexander Basabe","","1","3","2","0","0","0","0","0","0","0","1","0","0","0",".214",".284",".337",".621",".269","0.0","0.0","0.0","999.0","sa736915"
"Josh Ockimey","Red Sox","1","5","4","1","0","0","0","1","1","1","2","0","0","0",".219",".318",".408",".726",".310","0.0","0.0","0.0","999.0","sa829375"
"Dustin Fowler","","1","5","5","1","0","0","0","1","1","0","1","0","0","0",".244",".283",".398",".682",".287","0.0","0.0","0.0","999.0","17098"
"Socrates Brito","","10","41","38","9","2","0","1","5","5","2","10","0","1","0",".245",".291",".407",".698",".294","0.1","0.0","0.0","999.0","12944"
"Skye Bolt","","1","3","2","0","0","0","0","0","0","0","1","0","0","0",".208",".274",".344",".619",".266","0.0","0.0","0.0","999.0","17723"
"Justin Williams","","1","5","5","1","0","0","0","1","1","0","1","0","0","0",".247",".301",".396",".698",".296","0.0","0.0","0.0","999.0","15490"
"Josh Phegley","","2","7","6","2","0","0","0","1","1","0","1","0","0","0",".235",".288",".395",".683",".289","-0.1","0.0","0.0","589.3","9308"
"Edward Olivares","","1","3","2","1","0","0","0","0","0","0","1","0","0","0",".235",".285",".363",".648",".277","0.0","0.0","0.0","999.0","sa832015"
"Troy Stokes Jr.","","1","3","2","1","0","0","0","0","0","0","1","0","0","0",".219",".301",".369",".671",".290","0.0","0.0","0.0","999.0","sa828871"
"Elliot Soto","","1","5","5","1","0","0","0","0","0","0","1","0","0","0",".224",".285",".312",".597",".261","0.0","0.0","0.0","999.0","sa390666"
"Cristhian Adames","Giants","1","5","5","1","0","0","0","1","0","0","1","0","0","0",".234",".294",".351",".645",".278","0.0","0.0","0.0","999.0","6013"
"Caleb Joseph","Blue Jays","1","5","4","1","0","0","0","0","0","0","1","0","0","0",".212",".255",".332",".587",".251","0.0","0.0","0.0","999.0","7087"
"Tyler Wade","Yankees","12","52","47","11","2","0","1","6","4","4","13","0","2","1",".231",".295",".340",".635",".275","-0.1","0.1","0.0","600.4","15730"
"Sean Rodriguez","Marlins","2","8","7","1","0","0","0","1","1","1","3","0","0","0",".198",".294",".361",".654",".283","0.0","0.0","0.0","999.0","6589"
"Chris Iannetta","","5","19","16","3","1","0","1","2","2","2","6","0","0","0",".200",".300",".363",".663",".283","-0.2","-0.1","0.0","601.0","8267"
"Ian Miller","","2","10","9","2","0","0","0","1","1","1","2","0","1","0",".245",".301",".336",".638",".277","0.0","0.0","0.0","601.0","15156"
"Erick Mejia","Royals","4","18","17","4","1","0","0","2","1","1","4","0","1","0",".238",".292",".330",".622",".270","0.1","0.0","0.0","999.0","15817"
"Mitchell Tolman","","1","5","5","1","0","0","0","1","0","0","1","0","0","0",".218",".296",".320",".616",".270","0.0","0.0","0.0","999.0","sa858829"
"Tyrone Taylor","Brewers","1","5","5","1","0","0","0","1","1","0","1","0","0","0",".230",".283",".385",".668",".284","0.0","0.0","0.0","999.0","13675"
"Jacob Nottingham","","1","2","2","0","0","0","0","0","0","0","1","0","0","0",".204",".274",".341",".615",".265","0.0","0.0","0.0","999.0","16448"
"Sam Haggerty","Mariners","1","3","2","0","0","0","0","0","0","0","1","0","0","0",".203",".288",".298",".587",".260","0.0","0.0","0.0","999.0","18054"
"Andrew Velazquez","Orioles","14","60","55","13","2","0","1","6","6","3","16","0","2","1",".234",".281",".366",".647",".277","0.0","0.0","0.0","999.0","14196"
"Keon Broxton","Brewers","1","3","2","0","0","0","0","0","0","0","1","0","0","0",".193",".274",".346",".620",".268","0.0","0.0","0.0","999.0","9253"
"Miguel Cabrera","Tigers","48","207","185","50","9","0","5","20","24","19","41","1","0","0",".270",".338",".407",".746",".317","0.0","-1.1","0.0","302.7","1744"
"Phil Gosselin","Phillies","1","5","5","1","0","0","0","1","0","0","1","0","0","0",".240",".303",".354",".658",".284","0.0","0.0","0.0","999.0","10953"
"John Hicks","Diamondbacks","2","9","9","2","0","0","0","1","1","0","3","0","0","0",".232",".274",".390",".664",".280","0.0","0.0","0.0","582.7","12547"
"Adrian Sanchez","","1","5","5","1","0","0","0","1","0","0","1","0","0","0",".256",".294",".366",".660",".280","0.0","0.0","0.0","999.0","11338"
"Dwight Smith Jr.","Orioles","22","93","84","21","4","0","3","10","11","7","19","1","1","1",".250",".314",".411",".725",".309","-0.6","0.0","0.0","999.0","13473"
"Eduardo Nunez","","4","18","17","4","1","0","0","2","2","1","3","0","0","0",".257",".287",".386",".673",".285","-0.2","0.0","0.0","999.0","6848"
"Charlie Culberson","Braves","5","21","19","5","1","0","1","2","2","1","5","0","0","0",".239",".284",".382",".667",".282","0.1","0.0","0.0","999.0","3298"
"Chris Shaw","","2","8","7","2","0","0","0","1","1","0","2","0","0","0",".238",".292",".418",".710",".298","-0.1","0.0","0.0","999.0","17738"
"Eli White","Rangers","2","8","7","2","0","0","0","1","1","1","2","0","0","0",".233",".298",".353",".651",".282","0.0","0.0","0.0","600.1","sa738478"
"Chris Owings","","1","5","5","1","0","0","0","1","1","0","1","0","0","0",".249",".299",".401",".700",".296","0.0","0.0","0.0","999.0","10030"
"Welington Castillo","","3","12","11","3","1","0","0","1","2","1","3","0","0","0",".244",".294",".419",".713",".301","0.0","0.0","0.0","595.3","3256"
"Daniel Palka","White Sox","2","10","9","2","0","0","1","1","1","1","3","0","0","0",".222",".296",".428",".724",".303","-0.2","0.0","0.0","999.0","14897"
"Greg Allen","Indians","14","60","53","13","2","0","1","7","5","4","13","2","2","1",".243",".308",".357",".665",".288","0.4","0.1","0.0","599.8","16623"
"Nick Heath","","1","5","5","1","0","0","0","1","0","0","2","0","0","0",".215",".281",".310",".592",".259","0.0","0.0","0.0","593.4","sa918355"
"Patrick Wisdom","","4","18","16","3","1","0","1","2","2","1","6","0","0","0",".208",".277",".387",".664",".281","0.0","0.0","0.0","600.9","13602"
"Ryan Cordell","","1","3","2","0","0","0","0","0","0","0","1","0","0","0",".210",".266",".352",".617",".264","0.0","0.0","0.0","999.0","15181"
"Kyle Garlick","","2","8","7","2","0","0","0","1","1","0","3","0","0","0",".225",".278",".437",".715",".297","0.0","0.0","0.0","600.9","18063"
"Yonder Alonso","","7","28","25","6","1","0","1","3","4","3","6","0","0","0",".245",".326",".425",".751",".318","0.0","-0.1","0.0","999.0","2530"
"Richard Urena","Orioles","2","8","7","2","0","0","0","1","1","0","2","0","0","0",".235",".272",".343",".616",".263","0.0","0.0","0.0","999.0","16411"
"Rocky Gale","","1","5","4","1","0","0","0","0","0","0","1","0","0","0",".220",".256",".297",".554",".240","0.0","0.0","0.0","999.0","10533"
"C.J. Chatham","","5","21","20","5","1","0","0","2","2","1","4","0","0","0",".263",".294",".358",".652",".279","0.0","0.0","0.0","999.0","sa873984"
"Daniel Descalso","Cubs","5","23","20","4","1","0","1","3","3","3","6","0","0","0",".217",".318",".360",".679",".296","-0.2","0.0","0.0","999.0","8392"
"Sergio Alcantara","","2","8","7","2","0","0","0","1","1","1","2","0","0","0",".233",".295",".294",".588",".261","0.0","0.0","0.0","999.0","sa739641"
"Matt Adams","","3","13","12","3","1","0","1","1","2","1","4","0","0","0",".223",".281",".446",".727",".301","0.0","0.0","0.0","599.8","9393"
"Jorge Mateo","Athletics","5","23","22","5","1","0","0","2","2","1","7","0","1","0",".226",".265",".367",".632",".267","0.0","0.0","0.0","999.0","sa657910"
"Scott Schebler","Reds","2","8","7","2","0","0","0","1","1","1","2","0","0","0",".227",".301",".407",".708",".300","0.0","0.0","0.0","999.0","12225"
"Braden Bishop","","8","34","30","7","1","0","1","3","3","2","8","0","0","0",".223",".286",".325",".611",".267","0.3","0.0","0.0","999.0","17806"
"Corey Ray","","1","3","2","0","0","0","0","0","0","0","1","0","0","0",".200",".266",".354",".620",".264","0.0","0.0","0.0","999.0","sa738510"
"Ronnie Dawson","Astros","1","5","5","1","0","0","0","1","1","0","2","0","0","0",".200",".269",".335",".604",".261","0.0","0.0","0.0","999.0","sa873674"
"Joe McCarthy","","2","8","7","1","0","0","0","1","1","1","2","0","0","0",".214",".304",".347",".651",".284","0.0","0.0","0.0","999.0","sa858039"
"Mickey Moniak","Phillies","1","5","5","1","0","0","0","1","1","0","1","0","0","0",".228",".270",".362",".633",".268","0.0","0.0","0.0","999.0","sa917920"
"Adam Engel","White Sox","12","52","47","10","2","0","1","5","5","3","15","1","1","1",".217",".278",".347",".626",".270","0.4","0.1","0.0","999.0","15082"
"Andrew Stevenson","","1","5","5","1","0","0","0","1","0","0","1","0","0","0",".248",".302",".349",".651",".281","0.0","0.0","0.0","999.0","17932"
"Drew Robinson","","1","5","5","1","0","0","0","1","0","1","2","0","0","0",".201",".289",".346",".634",".275","0.0","0.0","0.0","999.0","11761"
"Juan Centeno","","1","5","4","1","0","0","0","0","0","0","1","0","0","0",".246",".297",".344",".642",".277","-0.1","0.0","0.0","999.0","7168"
"Brendan McKay","","1","5","5","1","0","0","0","1","1","0","1","0","0","0",".208",".291",".354",".645",".280","0.0","0.0","0.0","417.0","20186"
"Matt Wieters","Cardinals","16","64","58","13","2","0","2","5","8","5","14","0","0","0",".230",".294",".387",".682",".290","0.3","-0.2","0.0","567.3","4298"
"Sam Travis","Rangers","2","10","9","2","0","0","0","1","1","1","2","0","0","0",".259",".321",".399",".720",".308","0.0","0.0","0.0","999.0","16263"
"Jesus Sanchez","Marlins","3","13","12","3","1","0","0","1","1","1","3","0","0","0",".238",".288",".369",".657",".280","0.0","0.0","0.0","999.0","sa872787"
"Pat Valaika","","8","36","34","7","2","0","1","4","4","2","10","0","0","0",".223",".266",".396",".662",".278","0.4","0.0","0.0","999.0","14885"
"Carlos Gonzalez","","5","21","19","4","1","0","1","2","2","2","6","0","0","0",".225",".292",".383",".676",".286","0.0","0.0","0.0","595.5","7287"
"Arquimedes Gamboa","","1","5","5","1","0","0","0","0","0","1","2","0","0","0",".185",".268",".269",".537",".241","0.0","0.0","0.0","999.0","sa877497"
"Meibrys Viloria","","8","33","30","7","2","0","1","3","3","2","8","0","0","0",".233",".291",".341",".632",".274","0.2","0.0","0.0","999.0","17109"
"Blake Swihart","","1","5","5","1","0","0","0","1","1","0","2","0","0","0",".211",".283",".340",".622",".270","0.0","0.0","0.0","999.0","13176"
"Jose Siri","","2","8","7","1","0","0","0","1","1","0","3","0","0","0",".202",".254",".331",".585",".250","0.0","0.0","0.0","999.0","sa736940"
"Jacoby Ellsbury","","7","31","28","7","1","0","0","3","3","3","6","0","1","0",".241",".311",".349",".660",".287","-0.4","0.1","0.0","999.0","4727"
"Hanley Ramirez","","11","47","42","10","2","0","2","5","6","4","11","1","0","0",".238",".313",".426",".740",".312","-0.1","-0.1","0.0","999.0","8001"
"Travis Jankowski","Reds","4","16","14","3","1","0","0","2","1","2","3","0","1","0",".240",".319",".313",".632",".282","0.0","0.0","0.0","999.0","13768"
"Lewin Diaz","Marlins","4","18","17","4","1","0","1","2","2","1","4","0","0","0",".236",".276",".412",".688",".286","0.1","0.0","0.0","599.7","sa828420"
"Buddy Reed","","2","10","9","2","0","0","0","1","1","1","3","0","0","0",".202",".258",".322",".580",".249","0.0","0.0","0.0","999.0","sa738683"
"Josh Harrison","Phillies","11","47","43","10","2","0","1","5","4","2","9","1","1","0",".245",".297",".374",".672",".287","-0.2","0.1","0.0","999.0","8202"
"Monte Harrison","Marlins","11","49","45","10","2","0","1","5","4","3","17","1","2","1",".218",".283",".357",".640",".276","0.0","0.2","0.0","999.0","sa828691"
"Evan White","Mariners","48","207","190","46","8","1","7","22","24","13","51","2","1","0",".240",".292",".399",".691",".292","0.4","0.0","0.0","999.0","sa915774"
"Harold Castro","Tigers","7","31","30","8","1","0","0","3","3","1","6","0","0","0",".262",".286",".352",".639",".273","-0.1","0.0","0.0","599.8","14691"
"Jason Martin","","11","47","43","11","2","0","1","5","5","3","10","0","1","1",".249",".302",".407",".709",".300","0.1","-0.1","0.0","999.0","16429"
"Raimel Tapia","Rockies","28","119","111","32","6","1","2","14","11","6","25","0","3","1",".283",".321",".431",".752",".317","-0.6","0.1","0.0","552.7","14350"
"Mark Trumbo","","10","44","41","10","2","0","2","5","6","3","12","0","0","0",".237",".291",".449",".740",".310","-0.2","-0.1","0.0","999.0","6876"
"Nick Williams","","12","52","48","12","2","0","2","6","7","3","15","1","0","0",".245",".299",".437",".736",".309","-0.2","0.0","0.0","999.0","14330"
"Richie Martin Jr.","Orioles","12","52","47","11","2","0","1","5","4","3","12","1","1","1",".225",".282",".341",".623",".269","0.0","0.0","0.0","600.0","17736"
"Elias Diaz","","6","24","22","6","1","0","0","2","3","2","4","0","0","0",".280",".329",".402",".731",".313","-0.2","0.0","0.0","557.0","11680"
"Edwin Rios","Dodgers","6","26","24","5","1","0","1","3","4","2","9","0","0","0",".228",".283",".433",".717",".299","0.0","0.0","0.0","596.3","18316"
"Andrew Knapp","Phillies","11","43","37","8","2","0","1","4","3","5","14","0","0","0",".215",".308",".337",".645",".281","-0.6","0.0","0.0","600.9","14942"
"Kyle Lewis","Mariners","42","181","166","38","8","0","5","18","19","13","55","1","1","1",".230",".287",".381",".668",".284","0.3","0.0","0.0","463.3","19508"
"Jorge Bonifacio","Tigers","7","31","28","6","1","0","1","3","3","2","8","0","0","0",".230",".292",".390",".683",".290","0.0","0.0","0.0","999.0","12174"
"Michael Hermosillo","Angels","9","39","35","7","1","0","1","4","4","3","12","1","1","1",".213",".288",".361",".648",".280","0.0","0.0","0.0","999.0","16285"
"Guillermo Heredia","Pirates","24","104","91","23","5","0","2","10","7","9","19","2","1","1",".249",".325",".366",".690",".301","-0.9","-0.1","0.0","999.0","18721"
"Matt Kemp","Marlins","8","36","34","8","2","0","1","4","5","2","9","0","0","0",".251",".295",".430",".725",".302","-0.1","-0.1","0.0","595.0","5631"
"Melky Cabrera","","16","70","65","18","4","0","1","7","8","4","8","0","0","0",".278",".319",".414",".733",".310","-0.4","-0.2","0.0","600.1","4022"
"Steve Wilkerson","","5","23","21","5","1","0","0","2","2","1","7","0","0","0",".229",".285",".349",".634",".273","0.0","0.0","0.0","999.0","16041"
"Isiah Kiner-Falefa","Rangers","16","69","63","16","3","0","1","7","6","5","12","1","1","0",".251",".315",".349",".664",".289","-0.5","0.0","0.0","469.0","16512"
"Neil Walker","","19","83","73","18","3","0","3","9","9","9","18","1","0","0",".244",".327",".397",".724",".310","-0.1","0.0","0.0","999.0","7539"
"Seth Brown","Athletics","13","57","52","12","3","0","2","6","7","4","17","0","1","0",".227",".281",".392",".673",".284","0.0","0.0","0.0","530.3","18171"
"Anthony Alford","Blue Jays","11","47","42","9","2","0","1","5","4","3","15","1","2","1",".216",".284",".337",".621",".270","-0.1","0.1","0.0","599.8","14329"
"Lucas Duda","","10","41","37","8","2","0","2","4","6","4","12","1","0","0",".219",".298",".418",".716",".300","-0.1","-0.1","0.0","999.0","2502"
"Joseph Odom","Mariners","7","28","26","5","1","0","1","2","2","2","9","0","0","0",".197",".246",".303",".549",".238","-0.2","0.0","-0.1","999.0","sa738310"
"Jon Jay","","10","41","38","10","2","0","0","4","2","2","8","1","0","0",".268",".322",".345",".666",".291","-0.2","0.0","-0.1","999.0","5227"
"Harold Ramirez","Marlins","26","111","104","28","5","1","2","11","10","5","22","1","1","1",".266",".308",".397",".706",".300","-0.4","0.0","-0.1","596.4","14387"
"Adolis Garcia","Rangers","12","52","48","11","2","0","2","6","7","2","16","1","1","1",".232",".273",".425",".698",".291","0.0","-0.1","-0.1","590.7","19287"
"Will Craig","","7","31","28","6","1","0","1","3","3","2","8","1","0","0",".226",".295",".380",".675",".289","0.0","0.0","-0.1","999.0","sa738696"
"Austin Jackson","","6","26","23","6","1","0","0","3","2","2","8","0","0","0",".238",".300",".343",".644",".279","-0.5","0.0","-0.1","999.0","9848"
"Jonathan Arauz","Red Sox","10","44","41","9","2","0","1","4","4","3","9","0","1","0",".223",".276",".351",".628",".269","-0.2","-0.1","-0.1","999.0","sa877498"
"Pablo Sandoval","","21","91","83","21","5","0","3","9","11","6","20","1","0","0",".247",".297",".421",".719",".301","-0.3","-0.1","-0.1","600.9","5409"
"Magneuris Sierra","Marlins","10","41","39","10","1","1","0","4","3","2","8","0","2","1",".246",".283",".333",".616",".265","-0.1","0.0","-0.1","595.7","17023"
"Hunter Pence","Giants","42","181","167","42","7","1","6","18","18","12","43","1","3","1",".252",".304",".408",".712",".302","-0.4","0.1","-0.1","538.3","8252"
"Drew Butera","","11","45","40","10","2","0","1","4","5","4","11","0","0","0",".238",".307",".375",".682",".293","-0.4","0.0","-0.1","999.0","3411"
"Bubba Starling","Royals","13","57","53","12","3","0","1","5","5","3","15","0","1","0",".223",".270",".340",".610",".262","-0.1","0.0","-0.1","600.6","13356"
"Erik Gonzalez","Pirates","19","80","75","18","4","1","1","7","5","3","22","0","1","1",".242",".279",".363",".641",".270","-0.4","0.0","-0.1","999.0","13369"
"Albert Pujols","Angels","41","176","161","40","7","0","7","19","26","12","24","1","1","0",".248",".300",".416",".716",".302","-0.9","-0.7","-0.1","454.7","1177"
"Ian Desmond","Rockies","32","137","125","32","6","1","5","16","16","10","33","1","2","1",".260",".318",".443",".761",".320","-1.4","0.0","-0.2","495.0","6885"
"Jeff Mathis","Rangers","20","78","72","14","3","0","1","6","5","5","27","0","0","0",".197",".255",".280",".534",".233","0.5","-0.1","-0.2","999.0","3448"
"Sam Hilliard","Rockies","29","124","113","27","5","1","5","14","13","10","40","1","4","2",".243",".303",".428",".731",".307","-0.2","0.0","-0.2","274.3","17954"
"Josh Fuentes","Rockies","19","80","75","19","4","1","2","9","9","3","21","1","1","0",".259",".295",".422",".718",".301","0.2","-0.1","-0.2","999.0","16885"
"Lewis Brinson","Marlins","36","155","142","30","6","1","4","14","14","10","46","2","3","1",".215",".275",".358",".633",".270","0.2","0.1","-0.2","516.7","14352"
"Chris Davis","Orioles","36","155","136","26","4","0","6","16","18","16","60","2","0","0",".192",".283",".367",".650",".279","-0.2","0.0","-0.4","511.0","9272"
