"Name","Team","W","L","SV","HLD","ERA","GS","G","IP","H","ER","HR","SO","BB","WHIP","K/9","BB/9","FIP","WAR","ADP","playerid"
"Gerrit Cole","Yankees","6","3","0","0","3.22","13","13","79.0","60","28","11","110","21","1.03","12.53","2.42","3.08","2.4","5.2","13125"
"Jacob deGrom","Mets","5","3","0","0","3.11","12","12","76.0","63","26","9","91","18","1.07","10.88","2.17","3.16","2.1","9.2","10954"
"Max Scherzer","Nationals","5","3","0","0","3.19","11","11","73.0","57","26","10","95","17","1.02","11.82","2.12","3.26","2.0","14.3","3137"
"Stephen Strasburg","Nationals","6","4","0","0","3.46","12","12","75.0","65","29","9","85","21","1.15","10.29","2.56","3.42","1.9","28.3","10131"
"Shane Bieber","Indians","5","3","0","0","3.63","12","12","73.0","68","29","10","79","14","1.13","9.83","1.72","3.53","1.8","23.8","19427"
"Justin Verlander","Astros","6","3","0","0","3.34","11","11","68.0","54","25","11","88","16","1.01","11.62","2.05","3.45","1.7","14.6","8700"
"Blake Snell","Rays","5","3","0","0","3.41","11","11","62.0","49","23","7","78","24","1.19","11.40","3.49","3.32","1.6","47.0","13543"
"Clayton Kershaw","Dodgers","5","4","0","0","3.44","12","12","75.0","68","29","11","75","15","1.11","9.04","1.84","3.73","1.6","32.3","2036"
"Jack Flaherty","Cardinals","5","4","0","0","3.41","12","12","71.0","58","27","9","85","22","1.13","10.74","2.78","3.62","1.6","22.3","17479"
"Charlie Morton","Rays","5","3","0","0","3.43","11","11","68.0","57","26","7","79","23","1.18","10.42","3.02","3.49","1.6","48.2","4676"
"Patrick Corbin","Nationals","5","4","0","0","3.78","12","12","73.0","67","31","9","80","24","1.24","9.86","2.96","3.75","1.5","46.8","9323"
"Lucas Giolito","White Sox","5","3","0","0","3.71","11","11","68.0","56","28","10","84","24","1.17","11.18","3.18","3.83","1.5","45.2","15474"
"Trevor Bauer","Reds","5","4","0","0","3.92","12","12","76.0","67","33","10","87","29","1.27","10.36","3.43","4.01","1.5","79.7","12703"
"James Paxton","Yankees","5","3","0","0","3.89","11","11","65.0","58","28","10","77","20","1.20","10.60","2.78","3.87","1.5","100.1","11828"
"Mike Clevinger","Indians","5","3","0","0","3.67","11","11","68.0","57","28","9","81","24","1.20","10.84","3.19","3.69","1.5","20.8","12808"
"Lance Lynn","Rangers","5","4","0","0","4.08","12","12","71.0","67","32","10","77","26","1.30","9.82","3.27","4.08","1.5","109.8","2520"
"Walker Buehler","Dodgers","5","3","0","0","3.46","11","11","67.0","57","26","9","77","17","1.11","10.35","2.31","3.50","1.4","15.7","19374"
"German Marquez","Rockies","4","4","0","0","4.17","11","11","69.0","67","32","10","71","18","1.23","9.16","2.31","3.93","1.4","197.0","15038"
"Yu Darvish","Cubs","4","3","0","0","3.84","11","11","67.0","57","28","9","79","22","1.18","10.64","2.95","3.71","1.4","51.1","13074"
"Corey Kluber","Rangers","4","4","0","0","4.10","11","11","65.0","62","29","9","65","17","1.22","9.02","2.39","3.93","1.4","93.1","2429"
"Luis Castillo","Reds","4","4","0","0","3.79","12","12","71.0","62","30","9","78","26","1.23","9.90","3.23","3.90","1.4","39.6","15689"
"Aaron Nola","Phillies","4","4","0","0","3.82","12","12","73.0","65","31","10","79","25","1.24","9.68","3.07","3.93","1.4","65.0","16149"
"Sonny Gray","Reds","4","4","0","0","3.95","11","11","66.0","59","29","8","69","25","1.27","9.44","3.44","3.95","1.3","92.5","12768"
"Mike Minor","Rangers","5","4","0","0","4.56","12","12","76.0","75","39","12","71","24","1.30","8.37","2.84","4.54","1.3","167.9","10021"
"Jose Berrios","Twins","5","4","0","0","4.36","12","12","72.0","70","35","11","71","22","1.27","8.89","2.77","4.31","1.2","67.1","14168"
"Matthew Boyd","Tigers","4","4","0","0","4.34","11","11","67.0","62","32","11","74","20","1.23","9.94","2.66","4.22","1.2","152.3","15440"
"Mike Soroka","Braves","4","3","0","0","3.77","11","11","69.0","68","29","8","58","17","1.24","7.62","2.28","3.93","1.2","114.6","18383"
"Max Fried","Braves","5","4","0","0","3.74","11","11","66.0","63","27","7","66","23","1.31","8.99","3.22","3.78","1.2","140.7","13743"
"Brandon Woodruff","Brewers","4","3","0","0","4.00","11","11","67.0","62","30","9","72","22","1.26","9.68","2.99","3.98","1.2","81.5","16162"
"Jon Gray","Rockies","4","4","0","0","4.34","11","11","67.0","66","33","10","67","23","1.32","8.93","3.11","4.22","1.2","278.2","14916"
"Chris Paddack","Padres","4","3","0","0","3.82","11","11","64.0","58","27","10","68","16","1.15","9.50","2.24","3.97","1.2","51.0","20099"
"Frankie Montas","Athletics","5","4","0","0","3.94","11","11","64.0","62","28","8","63","20","1.29","8.87","2.87","4.00","1.2","92.2","14309"
"Marcus Stroman","Mets","4","4","0","0","3.89","11","11","66.0","66","29","7","54","22","1.32","7.38","2.94","3.94","1.1","209.5","13431"
"Carlos Carrasco","Indians","5","3","0","0","3.84","10","10","60.0","56","26","10","67","14","1.17","10.06","2.11","3.93","1.1","126.4","6632"
"Tyler Glasnow","Rays","4","3","0","0","3.56","10","10","53.0","43","21","7","69","22","1.21","11.75","3.65","3.58","1.1","66.9","14374"
"Zack Greinke","Astros","5","3","0","0","4.08","12","12","74.0","72","34","12","69","16","1.17","8.36","1.88","4.19","1.1","60.4","1943"
"Lance McCullers Jr.","Astros","5","3","0","0","3.86","10","10","56.0","51","24","6","61","23","1.33","9.92","3.72","3.86","1.1","158.0","14120"
"Zack Wheeler","Phillies","4","3","0","0","4.14","11","11","66.0","64","30","10","63","19","1.26","8.65","2.60","4.22","1.1","160.6","10310"
"Hyun-Jin Ryu","Blue Jays","4","4","0","0","4.02","11","11","68.0","69","30","11","62","14","1.23","8.22","1.89","4.22","1.1","149.1","14444"
"Jesus Luzardo","Athletics","4","2","0","0","3.79","9","11","54.0","49","23","7","57","17","1.21","9.42","2.76","3.91","1.1","110.9","19959"
"Jake Odorizzi","Twins","5","3","0","0","4.34","11","11","65.0","60","31","11","69","23","1.28","9.50","3.15","4.34","1.1","174.3","6397"
"Josh Hader","Brewers","2","1","9","2","2.70","0","28","28.0","17","8","3","47","11","0.99","15.23","3.47","2.69","1.1","43.6","14212"
"Andrew Heaney","Angels","4","3","0","0","4.12","11","11","62.0","58","29","10","68","17","1.21","9.84","2.44","4.14","1.1","194.0","15423"
"Kyle Hendricks","Cubs","4","4","0","0","4.12","11","11","66.0","67","30","9","54","15","1.24","7.30","2.08","4.27","1.0","148.7","12049"
"Kenta Maeda","Twins","5","4","0","0","4.50","11","14","66.0","61","33","10","71","24","1.31","9.74","3.33","4.32","1.0","143.4","18498"
"Joe Musgrove","Pirates","4","5","0","0","4.26","11","11","67.0","69","32","10","59","16","1.27","7.96","2.14","4.18","1.0","209.2","12970"
"Robbie Ray","Diamondbacks","4","4","0","0","4.15","11","11","64.0","54","29","10","80","30","1.32","11.31","4.26","4.17","1.0","159.1","11486"
"Zac Gallen","Diamondbacks","4","3","0","0","3.97","11","11","62.0","56","28","9","69","23","1.26","9.95","3.27","4.06","1.0","125.5","19291"
"Kyle Gibson","Rangers","4","4","0","0","4.82","11","11","66.0","69","35","10","59","26","1.44","8.04","3.53","4.61","1.0","455.6","10123"
"Masahiro Tanaka","Yankees","4","3","0","0","4.46","11","11","66.0","68","33","12","59","15","1.27","8.00","2.09","4.56","1.0","233.3","15764"
"Julio Urias","Dodgers","3","3","0","0","4.00","10","14","63.0","56","28","9","68","25","1.28","9.67","3.51","4.14","1.0","125.9","14765"
"Eduardo Rodriguez","Red Sox","4","3","0","0","4.24","11","11","64.0","61","30","9","66","24","1.33","9.26","3.32","4.21","1.0","169.7","13164"
"A.J. Puk","Athletics","4","3","0","0","3.99","9","13","57.0","50","25","7","63","27","1.36","10.00","4.31","4.22","0.9","212.4","19343"
"Shohei Ohtani","Angels","3","2","0","0","3.75","7","7","44.0","37","18","5","53","18","1.26","10.93","3.65","3.74","0.9","132.3","19755"
"Garrett Richards","Padres","3","3","0","0","3.94","10","10","56.0","51","24","7","55","21","1.29","8.93","3.33","4.10","0.9","243.2","9784"
"Dallas Keuchel","White Sox","4","4","0","0","4.30","11","11","69.0","72","33","9","55","23","1.37","7.16","3.02","4.46","0.9","286.8","9434"
"Mitch Keller","Pirates","3","3","0","0","4.26","10","10","58.0","57","27","7","59","22","1.36","9.21","3.49","4.12","0.9","235.1","17594"
"Dylan Bundy","Angels","4","4","0","0","4.49","11","11","66.0","64","33","12","67","21","1.28","9.15","2.82","4.51","0.9","213.1","12917"
"Marco Gonzales","Mariners","5","5","0","0","4.45","12","12","71.0","76","35","11","54","19","1.34","6.92","2.43","4.60","0.9","517.7","15467"
"Dinelson Lamet","Padres","4","4","0","0","4.03","10","10","55.0","46","24","8","67","24","1.28","11.03","3.99","4.12","0.9","129.3","17186"
"Rich Hill","Twins","4","2","0","0","4.17","9","9","52.0","46","24","8","59","18","1.24","10.20","3.16","4.27","0.9","181.0","4806"
"Kevin Gausman","Giants","3","3","0","0","4.06","10","10","54.0","53","24","7","50","16","1.28","8.35","2.69","3.96","0.9","426.3","14107"
"Joey Lucchesi","Padres","3","4","0","0","4.23","11","11","62.0","61","29","9","59","22","1.34","8.56","3.23","4.29","0.8","263.0","19320"
"Corbin Burnes","Brewers","3","2","0","0","4.35","8","14","52.0","50","25","7","53","20","1.35","9.25","3.51","4.17","0.8","320.2","19361"
"Pablo Lopez","Marlins","3","4","0","0","4.15","10","10","59.0","59","27","8","49","17","1.30","7.56","2.56","4.29","0.8","486.0","17085"
"Nathan Eovaldi","Red Sox","3","3","0","0","4.60","11","11","61.0","62","31","9","59","20","1.35","8.66","2.93","4.34","0.8","267.2","9132"
"Liam Hendriks","Athletics","2","1","11","1","3.16","0","26","26.0","20","9","3","35","7","1.06","12.10","2.59","2.95","0.8","74.7","3548"
"Adrian Houser","Brewers","4","3","0","0","4.27","10","11","58.0","57","27","8","53","20","1.35","8.35","3.20","4.32","0.8","231.3","12718"
"Caleb Smith","Marlins","4","4","0","0","4.46","11","11","66.0","61","33","11","69","26","1.32","9.31","3.59","4.58","0.8","248.2","14875"
"Joshua James","Astros","4","2","0","0","4.05","8","14","52.0","42","23","7","66","26","1.33","11.49","4.59","4.11","0.8","226.0","16794"
"Madison Bumgarner","Diamondbacks","4","4","0","0","4.50","12","12","73.0","73","36","13","68","19","1.26","8.37","2.34","4.62","0.8","140.7","5524"
"J.A. Happ","Yankees","4","3","0","0","4.59","10","10","58.0","57","30","10","53","19","1.32","8.31","2.97","4.68","0.8","328.3","7410"
"Alex Wood","Dodgers","4","3","0","0","4.08","10","10","55.0","54","25","8","47","15","1.26","7.74","2.39","4.21","0.8","233.4","13781"
"Luke Weaver","Diamondbacks","4","3","0","0","4.40","10","10","54.0","54","27","8","54","17","1.30","8.90","2.74","4.29","0.8","197.2","16918"
"Trevor Williams","Pirates","3","4","0","0","4.76","11","11","66.0","70","35","9","51","21","1.38","6.95","2.82","4.60","0.8","593.7","16977"
"John Means","Orioles","4","5","0","0","4.99","11","11","67.0","72","37","13","51","18","1.34","6.89","2.40","5.16","0.8","419.1","16269"
"Rick Porcello","Mets","4","4","0","0","4.59","11","11","65.0","68","33","11","56","17","1.30","7.81","2.31","4.58","0.7","463.9","2717"
"Yonny Chirinos","Rays","3","3","0","0","4.31","9","13","56.0","56","27","9","49","14","1.26","7.85","2.24","4.35","0.7","308.1","16401"
"Dylan Cease","White Sox","3","3","0","0","4.41","9","9","51.0","48","25","7","53","25","1.43","9.35","4.31","4.55","0.7","272.5","18525"
"Brendan McKay","","3","2","0","0","3.80","7","8","40.0","36","17","6","45","13","1.23","10.20","2.95","3.87","0.7","416.0","20186"
"Danny Duffy","Royals","4","4","0","0","4.75","11","11","66.0","67","35","11","59","23","1.35","7.95","3.14","4.74","0.7","560.2","3542"
"Martin Perez","Red Sox","4","4","0","0","4.87","11","11","66.0","73","36","9","50","25","1.48","6.79","3.39","4.67","0.7","580.0","6902"
"Sean Manaea","Athletics","4","3","0","0","4.20","9","9","52.0","51","24","8","46","15","1.28","7.98","2.61","4.43","0.7","182.0","15873"
"Josh Lindblom","Brewers","3","4","0","0","4.57","10","10","61.0","62","31","11","57","18","1.31","8.40","2.68","4.66","0.7","348.7","7882"
"Steven Matz","Mets","3","4","0","0","4.35","10","10","59.0","59","29","9","55","20","1.34","8.38","3.08","4.41","0.7","293.5","13361"
"Reynaldo Lopez","White Sox","4","4","0","0","4.83","10","10","59.0","59","32","10","54","21","1.36","8.35","3.28","4.90","0.7","330.1","16400"
"Edwin Diaz","Mets","2","1","11","1","2.95","0","24","24.0","17","8","3","36","8","1.04","13.54","3.07","2.86","0.7","110.0","14710"
"Jon Lester","Cubs","4","4","0","0","4.63","11","11","65.0","68","33","11","56","22","1.39","7.77","3.05","4.73","0.7","528.7","4930"
"Mike Foltynewicz","Braves","4","4","0","0","4.53","11","11","63.0","62","31","10","57","22","1.34","8.16","3.17","4.63","0.7","213.3","10811"
"Michael Fulmer","Tigers","3","3","0","0","4.43","8","8","49.0","50","24","7","41","15","1.31","7.41","2.77","4.55","0.7","569.0","13218"
"Anthony DeSclafani","Reds","3","3","0","0","4.60","10","10","54.0","55","28","10","52","15","1.29","8.60","2.55","4.64","0.7","250.3","13050"
"Ryan Yarbrough","Rays","3","3","0","0","4.33","9","9","52.0","52","25","8","44","13","1.27","7.59","2.32","4.41","0.7","229.8","16502"
"Aroldis Chapman","Yankees","1","0","11","1","2.94","0","22","22.0","15","7","2","34","10","1.12","13.83","4.05","3.05","0.7","81.1","10233"
"Miles Mikolas","Cardinals","3","3","0","0","4.18","10","10","55.0","57","25","8","42","11","1.26","6.87","1.86","4.35","0.7","273.2","9803"
"Matt Shoemaker","Blue Jays","3","4","0","0","4.75","9","9","51.0","53","27","9","47","16","1.33","8.33","2.76","4.65","0.7","415.4","4776"
"Cole Hamels","Braves","3","3","0","0","4.19","10","10","55.0","53","26","8","51","20","1.33","8.35","3.30","4.41","0.7","397.9","4972"
"Jose Urquidy","Astros","3","3","0","0","4.43","9","9","51.0","49","25","9","49","14","1.23","8.69","2.39","4.58","0.7","250.2","18413"
"Jakob Junis","Royals","4","4","0","0","4.77","11","11","66.0","68","35","11","59","19","1.34","8.04","2.67","4.74","0.7","581.8","13619"
"Yusei Kikuchi","Mariners","4","4","0","0","4.66","11","11","65.0","67","34","10","54","22","1.38","7.40","3.08","4.82","0.7","480.4","20633"
"Jordan Lyles","Rangers","4","4","0","0","5.22","10","11","58.0","60","33","10","53","22","1.44","8.36","3.52","4.96","0.6","561.0","7593"
"Tyler Chatwood","Cubs","3","4","0","0","4.61","10","13","62.0","58","32","6","56","37","1.52","8.07","5.35","4.64","0.6","571.6","4338"
"Ross Stripling","Dodgers","3","2","0","0","4.04","7","15","47.0","46","21","7","44","12","1.23","8.51","2.24","4.04","0.6","212.8","13273"
"Nick Anderson","Rays","2","1","8","3","3.25","0","24","24.0","18","9","3","36","8","1.06","13.30","2.92","3.08","0.6","123.2","18337"
"Brad Keller","Royals","4","4","0","0","4.60","11","11","63.0","65","32","8","47","26","1.44","6.73","3.72","4.71","0.6","576.5","15734"
"Tanner Roark","Blue Jays","4","4","0","0","4.84","11","11","62.0","65","33","11","54","19","1.36","7.89","2.83","4.86","0.6","571.4","8753"
"Taylor Rogers","Twins","1","1","11","1","3.35","0","24","24.0","21","9","2","28","7","1.14","10.49","2.58","3.18","0.6","84.2","13449"
"Austin Voth","Nationals","3","3","0","0","4.73","8","12","52.0","53","28","9","47","18","1.36","8.03","3.11","4.82","0.6","378.8","15047"
"Johnny Cueto","Giants","3","4","0","0","4.29","11","11","62.0","63","30","9","51","18","1.30","7.37","2.55","4.50","0.6","348.8","6893"
"Kyle Freeland","Rockies","3","3","0","0","5.08","10","10","57.0","61","32","9","43","21","1.46","6.81","3.39","4.96","0.6","588.3","16256"
"Daniel Norris","Tigers","3","3","0","0","4.85","8","8","49.0","51","26","8","43","17","1.39","7.87","3.09","4.65","0.6","598.3","13475"
"Ryan Weber","Red Sox","3","3","0","0","4.82","8","10","51.0","58","27","7","33","14","1.42","5.83","2.41","4.63","0.6","598.9","10160"
"Adam Wainwright","Cardinals","3","4","0","0","4.53","10","10","59.0","62","29","8","48","21","1.42","7.40","3.26","4.54","0.6","542.6","2233"
"Jose Leclerc","Rangers","1","1","10","1","3.67","0","24","24.0","18","10","3","34","14","1.32","12.63","5.24","3.63","0.6","148.8","14524"
"Vince Velasquez","Phillies","4","4","0","0","4.73","10","13","59.0","57","31","11","62","22","1.35","9.52","3.36","4.80","0.6","571.1","11189"
"Alex Cobb","Orioles","4","4","0","0","5.17","11","11","66.0","74","38","13","46","18","1.40","6.32","2.50","5.24","0.6","594.6","6562"
"Carlos Martinez","Cardinals","2","3","2","0","3.89","7","16","51.0","46","22","6","49","21","1.31","8.68","3.74","4.22","0.6","163.0","11682"
"Spencer Turnbull","Tigers","3","4","0","0","4.56","9","12","55.0","56","28","8","53","21","1.40","8.65","3.47","4.71","0.6","453.3","16207"
"Jake Arrieta","Phillies","4","4","0","0","4.73","11","11","62.0","64","33","10","51","23","1.39","7.29","3.27","4.81","0.6","560.7","4153"
"Ken Giles","Blue Jays","1","1","11","0","3.37","0","24","24.0","20","9","3","32","8","1.16","11.92","2.83","3.38","0.6","99.0","12910"
"Dustin May","Dodgers","3","2","0","0","4.11","7","12","44.0","43","20","6","38","12","1.26","7.88","2.43","4.15","0.6","244.0","19716"
"Jose Quintana","Cubs","3","3","0","0","4.39","7","7","40.0","41","20","6","35","13","1.33","7.81","2.82","4.34","0.6","558.9","11423"
"Mike Montgomery","Royals","3","3","0","0","4.62","10","10","56.0","60","29","7","41","21","1.46","6.64","3.44","4.68","0.6","600.9","4869"
"Dakota Hudson","Cardinals","4","4","0","0","4.46","11","11","63.0","64","31","6","46","29","1.48","6.54","4.23","4.66","0.6","410.4","19206"
"Matt Barnes","Red Sox","2","1","2","6","3.46","0","25","25.0","19","10","2","37","13","1.27","13.15","4.62","3.21","0.5","510.1","12863"
"Jose Urena","Marlins","2","3","0","0","4.47","9","11","54.0","55","27","7","42","17","1.33","7.05","2.83","4.52","0.5","593.3","11589"
"Aaron Civale","","3","3","0","0","4.70","8","8","48.0","52","25","8","38","12","1.32","7.08","2.24","4.77","0.5","239.8","19479"
"MacKenzie Gore","","2","2","0","0","4.01","5","5","31.0","28","14","4","33","13","1.32","9.55","3.67","4.02","0.5","999.0","sa3005068"
"Griffin Canning","Angels","3","2","0","0","4.34","7","7","41.0","39","20","6","43","14","1.29","9.37","3.12","4.43","0.5","319.6","19867"
"Chris Bassitt","Athletics","3","2","0","0","4.36","6","13","42.0","41","20","6","39","15","1.32","8.38","3.21","4.41","0.5","425.2","12304"
"Kwang-hyun Kim","Cardinals","3","3","1","0","4.04","6","17","46.0","46","21","6","41","13","1.28","7.95","2.50","4.23","0.5","468.1","27458"
"Gio Gonzalez","White Sox","3","3","0","0","4.68","8","10","51.0","50","26","8","45","21","1.42","8.04","3.82","4.79","0.5","574.5","7448"
"Chad Kuhl","Pirates","3","3","0","0","4.50","7","15","49.0","50","25","7","45","20","1.43","8.20","3.64","4.45","0.5","598.4","14975"
"Kirby Yates","Padres","1","1","12","1","3.04","0","23","23.0","17","8","3","34","7","1.06","13.04","2.80","3.19","0.5","59.9","9073"
"Brett Anderson","Brewers","3","3","0","0","4.68","10","10","55.0","63","29","7","32","16","1.44","5.24","2.57","4.76","0.5","591.4","8223"
"Jeff Hoffman","Rockies","3","3","0","0","5.30","8","12","52.0","54","31","9","48","22","1.46","8.18","3.86","4.98","0.5","999.0","17432"
"Sandy Alcantara","Marlins","3","4","0","0","4.70","11","11","69.0","69","36","9","54","30","1.44","7.00","3.94","4.86","0.5","285.7","18684"
"Wade Miley","Reds","3","4","0","0","4.79","10","10","59.0","63","32","9","48","24","1.47","7.32","3.64","4.91","0.5","561.0","8779"
"Roberto Osuna","Astros","2","1","11","1","3.39","0","22","22.0","19","8","3","25","5","1.07","10.33","1.97","3.47","0.5","70.6","13764"
"Giovanny Gallegos","Cardinals","1","1","7","3","3.61","0","22","22.0","19","9","3","27","6","1.12","11.04","2.55","3.49","0.5","208.7","14986"
"Ryan Pressly","Astros","1","1","1","6","3.12","0","24","24.0","19","8","3","30","7","1.10","11.32","2.63","3.34","0.5","315.9","7005"
"Michael Wacha","Mets","3","4","0","0","4.63","10","12","61.0","63","31","9","51","24","1.43","7.57","3.56","4.72","0.5","585.7","14078"
"Jordan Montgomery","Yankees","3","2","0","0","4.60","8","12","49.0","50","25","8","44","18","1.38","8.12","3.23","4.80","0.5","305.9","16511"
"Zach Eflin","Phillies","3","4","0","0","4.95","10","10","55.0","59","30","10","44","16","1.37","7.23","2.68","4.96","0.5","555.5","13774"
"Brad Hand","Indians","2","1","11","1","3.54","0","24","24.0","19","9","3","31","8","1.14","11.71","3.11","3.58","0.5","94.9","9111"
"Carlos Rodon","White Sox","3","3","0","0","4.60","7","14","49.0","47","25","8","49","21","1.39","9.09","3.84","4.75","0.5","585.1","16137"
"Homer Bailey","Twins","4","3","0","0","5.18","10","10","56.0","61","32","10","46","19","1.45","7.44","3.08","5.11","0.5","501.2","8362"
"Freddy Peralta","Brewers","2","2","0","3","4.27","4","20","37.0","32","18","6","45","18","1.34","10.84","4.27","4.26","0.4","371.1","18679"
"Will Harris","Nationals","1","1","1","5","3.51","0","23","23.0","21","9","2","23","6","1.19","8.90","2.37","3.47","0.4","553.2","3192"
"Seth Lugo","Mets","1","1","1","5","3.47","0","24","24.0","20","9","3","27","6","1.11","10.17","2.35","3.41","0.4","260.8","12447"
"Zach Davies","Padres","3","4","0","0","4.69","11","11","61.0","67","32","9","41","20","1.42","6.01","2.95","4.87","0.4","535.9","13183"
"Merrill Kelly","Diamondbacks","3","4","0","0","4.81","8","13","53.0","56","28","9","45","18","1.39","7.64","2.98","4.74","0.4","555.8","11156"
"Mychal Givens","Orioles","2","1","4","3","3.96","0","24","24.0","20","11","3","30","10","1.24","11.28","3.79","3.91","0.4","313.8","10430"
"Justus Sheffield","Mariners","3","3","0","0","4.74","9","9","52.0","52","27","7","47","26","1.51","8.08","4.48","4.81","0.4","486.3","17285"
"Zach Plesac","","3","2","0","0","4.78","8","8","45.0","47","24","8","37","14","1.37","7.45","2.90","4.89","0.4","492.3","19979"
"Anibal Sanchez","Nationals","4","4","0","0","5.06","11","11","61.0","65","35","12","52","21","1.41","7.54","3.14","5.17","0.4","412.8","3284"
"Kendall Graveman","Mariners","2","3","0","0","4.92","8","8","48.0","53","26","8","35","15","1.42","6.49","2.74","4.85","0.4","600.0","15514"
"Diego Castillo","Rays","2","1","2","5","3.44","0","22","22.0","18","8","2","26","8","1.20","10.50","3.31","3.50","0.4","333.4","17496"
"Mike Fiers","Athletics","4","4","0","0","4.94","11","11","67.0","71","37","13","51","20","1.36","6.91","2.69","5.23","0.4","429.6","7754"
"Joe Jimenez","Tigers","2","1","11","1","3.85","0","24","24.0","20","10","3","29","9","1.24","10.96","3.53","3.95","0.4","175.5","15761"
"Drew Smyly","Giants","2","3","0","0","4.54","8","8","49.0","47","25","8","48","18","1.34","8.86","3.35","4.57","0.4","551.8","11760"
"Ty Buttrey","Angels","2","1","1","5","3.50","0","24","24.0","21","9","3","28","9","1.24","10.33","3.33","3.68","0.4","575.6","14719"
"Jeff Samardzija","Giants","4","5","0","0","4.75","12","12","70.0","73","37","12","55","20","1.32","7.03","2.60","4.84","0.4","389.7","3254"
"Kenley Jansen","Dodgers","1","1","13","1","3.65","0","23","23.0","19","9","4","28","6","1.10","10.84","2.47","3.71","0.4","85.4","3096"
"Justin Dunn","Mariners","2","3","0","0","4.90","7","7","42.0","42","23","7","40","18","1.43","8.53","3.90","4.98","0.4","593.3","19268"
"Sean Newcomb","Braves","3","3","0","0","4.37","6","16","45.0","42","22","6","44","20","1.38","8.74","4.05","4.46","0.4","472.6","16943"
"Steven Brault","Pirates","3","4","0","0","4.85","9","16","59.0","60","32","8","51","30","1.54","7.84","4.65","4.90","0.4","594.6","15291"
"Jonathan Loaisiga","Yankees","2","1","0","0","4.24","4","11","28.0","27","13","4","31","10","1.30","9.89","3.15","4.14","0.4","571.7","19753"
"Chad Green","Yankees","1","1","0","5","3.35","0","22","22.0","17","8","3","29","6","1.07","11.94","2.58","3.45","0.4","568.8","15552"
"Kyle Wright","Braves","2","2","0","0","4.47","7","8","40.0","40","20","6","37","16","1.40","8.38","3.62","4.50","0.4","503.4","19665"
"Antonio Senzatela","Rockies","3","4","0","0","5.57","10","10","56.0","65","34","9","35","22","1.56","5.68","3.55","5.28","0.4","600.1","15488"
"Austin Adams","Mariners","1","1","4","3","3.13","0","22","22.0","16","8","2","33","12","1.25","13.44","4.89","3.07","0.4","521.0","13801"
"Trent Thornton","Blue Jays","3","3","0","0","4.98","6","15","43.0","46","24","8","40","14","1.37","8.27","2.90","4.90","0.4","592.6","17948"
"Will Smith","Braves","1","1","4","4","3.25","0","21","21.0","17","8","3","29","7","1.14","11.96","3.07","3.39","0.4","184.2","8048"
"Craig Kimbrel","Cubs","1","1","12","0","3.56","0","24","24.0","17","10","3","34","12","1.21","12.71","4.54","3.77","0.4","128.9","6655"
"Andrew Chafin","Diamondbacks","1","1","0","7","3.44","0","25","25.0","22","9","3","27","10","1.29","9.98","3.70","3.71","0.4","999.0","12988"
"Raisel Iglesias","Reds","2","2","11","1","3.91","0","24","24.0","21","10","4","29","8","1.21","10.71","3.11","4.10","0.4","115.4","17130"
"Eric Lauer","Brewers","2","2","0","0","4.72","6","10","38.0","39","20","7","35","14","1.39","8.27","3.32","4.88","0.3","589.1","19316"
"Zack Britton","Yankees","1","0","2","6","3.36","0","24","24.0","21","9","2","22","12","1.38","8.28","4.43","3.74","0.3","345.2","3240"
"Keone Kela","Pirates","1","1","8","2","3.68","0","20","20.0","16","8","3","25","8","1.19","11.01","3.51","3.66","0.3","200.1","14696"
"Mark Melancon","Braves","1","1","8","3","3.95","0","24","24.0","24","11","3","22","7","1.31","8.20","2.70","3.70","0.3","173.6","4264"
"Chase Anderson","Blue Jays","3","4","0","0","5.13","10","10","56.0","57","32","12","48","19","1.37","7.76","3.14","5.39","0.3","584.1","6895"
"Matt Hall","","2","2","0","0","4.82","5","7","30.0","31","16","4","29","14","1.47","8.52","4.17","4.72","0.3","999.0","18076"
"Ryne Stanek","Marlins","1","1","2","4","3.71","0","24","24.0","20","10","3","29","10","1.28","10.76","3.93","3.75","0.3","580.2","15947"
"Jairo Diaz","Rockies","2","1","0","6","4.15","0","24","24.0","23","11","3","24","10","1.36","8.94","3.68","3.93","0.3","588.0","12774"
"Emilio Pagan","Padres","1","1","0","7","3.57","0","24","24.0","20","10","4","29","7","1.10","10.84","2.54","3.75","0.3","290.7","14771"
"Joe Kelly","Dodgers","1","1","0","7","3.44","0","24","24.0","21","9","2","26","11","1.30","9.74","3.95","3.55","0.3","600.9","9761"
"Tyler Duffey","Twins","1","1","0","7","3.99","0","24","24.0","22","11","4","28","7","1.22","10.36","2.70","3.84","0.3","586.1","13758"
"Brady Singer","","2","2","0","0","4.85","5","5","31.0","34","17","4","22","11","1.44","6.48","3.10","4.75","0.3","999.0","sa3008613"
"Ivan Nova","Tigers","3","4","0","0","5.31","10","10","56.0","67","33","11","35","13","1.44","5.65","2.09","5.35","0.3","598.8","1994"
"Sean Doolittle","Nationals","2","1","7","3","3.91","0","22","22.0","20","10","4","24","6","1.14","9.86","2.27","3.93","0.3","177.0","1581"
"Scott Oberg","Rockies","1","1","2","4","3.93","0","24","24.0","23","11","3","23","9","1.35","8.61","3.47","4.06","0.3","290.7","13911"
"Jorge Lopez","Royals","2","3","0","0","5.06","6","12","40.0","43","23","6","34","15","1.44","7.50","3.45","4.78","0.3","597.3","14527"
"Tyler Anderson","Giants","2","2","0","0","4.16","5","9","34.0","33","16","5","33","11","1.28","8.60","2.93","4.34","0.3","600.7","12880"
"Matt Manning","","2","2","0","0","4.82","5","5","28.0","28","15","4","25","12","1.45","8.20","3.98","4.82","0.3","999.0","sa917924"
"Archie Bradley","Diamondbacks","1","1","12","1","3.83","0","24","24.0","22","10","3","26","10","1.32","9.81","3.76","3.91","0.3","145.5","12918"
"Logan Webb","Giants","2","2","0","0","4.20","5","7","30.0","29","14","3","25","12","1.38","7.60","3.53","4.28","0.3","598.8","17995"
"Framber Valdez","Astros","2","2","0","0","4.01","4","11","28.0","25","13","3","30","14","1.40","9.51","4.56","4.30","0.3","589.5","17295"
"Nate Pearson","","1","1","0","0","4.50","4","4","21.0","20","10","3","21","7","1.31","9.06","2.96","4.46","0.3","999.0","sa3005097"
"Brandon Workman","Red Sox","2","1","11","1","3.90","0","25","25.0","21","11","3","32","12","1.32","11.42","4.43","3.91","0.3","131.8","11428"
"James Karinchak","","1","0","1","5","3.37","0","21","21.0","14","8","2","34","14","1.32","14.35","5.93","3.39","0.3","403.9","20151"
"Drew Pomeranz","Padres","1","1","0","5","3.40","0","21","21.0","17","8","2","27","9","1.23","11.49","3.84","3.33","0.3","417.5","11426"
"Spencer Howard","","1","2","0","0","4.72","4","4","24.0","23","13","4","24","11","1.40","9.11","3.97","4.64","0.3","284.0","sa3004923"
"Aaron Bummer","White Sox","1","0","1","5","3.62","0","24","24.0","22","10","2","24","10","1.33","8.82","3.75","3.97","0.3","525.5","16258"
"Hector Neris","Phillies","1","1","9","2","3.72","0","22","22.0","18","9","4","29","8","1.20","11.73","3.37","4.01","0.3","116.6","11804"
"Wade LeBlanc","Orioles","2","3","0","0","5.69","8","8","47.0","55","30","11","35","14","1.46","6.56","2.75","5.64","0.3","999.0","5221"
"Jake Diekman","Athletics","1","1","0","6","3.59","0","23","23.0","18","9","2","30","13","1.36","11.46","5.21","3.65","0.3","597.2","5003"
"Trevor Gott","Giants","1","1","2","5","3.61","0","20","20.0","19","8","2","20","8","1.30","8.86","3.46","3.60","0.3","600.0","15046"
"Jose Alvarado","Rays","2","1","3","5","3.39","0","22","22.0","17","8","2","28","12","1.34","11.21","5.05","3.45","0.3","518.5","17780"
"Bryse Wilson","","2","2","0","1","4.24","3","15","30.0","29","14","4","28","9","1.30","8.51","2.71","4.22","0.3","600.2","19990"
"Randy Dobnak","Twins","2","1","0","0","4.53","3","12","27.0","30","13","3","18","7","1.38","6.20","2.47","4.50","0.3","586.9","23798"
"Brent Suter","Brewers","1","1","0","6","3.97","1","24","26.0","26","12","4","24","6","1.21","8.21","2.04","4.20","0.3","585.4","13942"
"Ian Kennedy","Royals","1","1","10","1","4.14","0","24","24.0","23","11","4","25","8","1.26","9.46","2.91","4.18","0.3","182.6","6986"
"Matt Andriese","Angels","2","2","0","0","4.69","4","11","31.0","32","16","5","29","11","1.36","8.53","3.06","4.72","0.3","600.0","12022"
"Rafael Montero","Rangers","1","1","1","4","4.00","0","21","21.0","20","9","3","23","7","1.29","9.81","3.19","4.19","0.3","551.3","12760"
"Adam Ottavino","Yankees","2","1","1","6","4.03","0","25","25.0","20","11","4","33","14","1.34","11.81","4.98","4.27","0.3","533.9","1247"
"David Peterson","","1","1","0","0","4.13","3","3","17.0","17","8","2","14","7","1.39","7.46","3.45","4.20","0.3","601.0","sa829588"
"Nick Pivetta","Phillies","2","2","1","5","4.46","2","21","30.0","28","15","5","32","11","1.32","9.77","3.31","4.32","0.3","583.0","15454"
"Craig Stammen","Padres","1","2","0","6","3.80","0","24","24.0","23","10","3","22","6","1.23","8.22","2.36","3.90","0.2","600.9","7274"
"Amir Garrett","Reds","1","1","0","6","4.06","0","25","25.0","22","11","4","31","12","1.34","11.19","4.31","4.11","0.2","593.1","14375"
"Julio Teheran","Angels","4","4","0","0","5.02","11","11","65.0","64","36","13","59","28","1.41","8.23","3.89","5.40","0.2","508.2","6797"
"Taijuan Walker","Mariners","3","3","0","0","4.79","8","8","46.0","48","25","8","40","17","1.40","7.85","3.27","5.09","0.2","558.2","11836"
"Tommy Kahnle","Yankees","1","1","0","6","3.61","0","25","25.0","20","10","4","34","11","1.23","12.18","3.81","3.75","0.2","596.6","11384"
"Jordan Yamamoto","","2","2","0","0","4.70","6","6","34.0","32","18","5","32","15","1.39","8.43","4.02","4.82","0.2","574.4","17585"
"Adam Morgan","Phillies","1","1","1","7","4.24","0","22","22.0","21","10","3","22","9","1.35","8.74","3.52","4.14","0.2","597.7","12580"
"Jose Alvarez","Phillies","1","1","0","6","3.98","0","23","23.0","22","10","3","20","8","1.31","7.85","3.02","4.09","0.2","597.0","5358"
"Nick Burdi","Pirates","0","0","0","3","4.21","0","16","16.0","13","7","1","21","7","1.28","11.97","4.10","2.79","0.2","532.3","16074"
"Alec Mills","Cubs","2","2","0","0","4.90","5","11","37.0","38","20","6","31","13","1.40","7.64","3.18","4.97","0.2","583.4","13834"
"Kolby Allard","","1","1","0","0","4.94","3","5","19.0","21","11","3","16","8","1.47","7.31","3.56","4.92","0.2","600.7","18694"
"Michael Pineda","Twins","1","1","0","0","4.56","3","3","17.0","17","8","3","15","4","1.27","8.30","2.03","4.47","0.2","547.5","5372"
"Blake Treinen","Dodgers","2","1","1","5","3.56","0","23","23.0","20","9","2","24","9","1.29","9.26","3.68","3.75","0.2","381.0","12572"
"Tyler Mahle","Reds","2","2","0","2","4.32","2","15","27.0","26","13","4","27","8","1.29","9.04","2.79","4.30","0.2","567.0","16358"
"Elieser Hernandez","Marlins","2","2","0","0","4.76","5","10","33.0","32","18","6","33","12","1.33","8.89","3.25","4.91","0.2","589.5","16933"
"Alex Young","Diamondbacks","2","3","0","1","4.72","5","18","41.0","42","21","6","36","16","1.42","7.84","3.58","4.85","0.2","597.1","18333"
"Hansel Robles","Angels","1","1","9","2","4.10","0","24","24.0","22","11","3","26","9","1.30","9.70","3.44","4.16","0.2","133.1","11801"
"Richard Bleier","Orioles","1","1","1","5","4.32","0","24","24.0","27","12","3","14","5","1.33","5.17","1.95","4.37","0.2","601.0","7803"
"Dellin Betances","Mets","1","1","1","4","3.20","0","20","20.0","15","7","2","29","10","1.21","12.97","4.36","3.34","0.2","401.8","6216"
"Luke Jackson","Braves","1","1","0","5","3.47","0","21","21.0","18","8","2","26","9","1.26","10.86","3.79","3.61","0.2","593.8","11752"
"Asher Wojciechowski","Orioles","3","4","0","0","5.76","9","9","51.0","56","33","13","46","20","1.47","8.06","3.47","5.96","0.2","595.7","10836"
"Rowan Wick","Cubs","1","1","0","6","4.17","0","24","24.0","22","11","3","25","12","1.43","9.40","4.59","4.20","0.2","574.4","14646"
"Joakim Soria","Athletics","1","1","1","6","3.90","0","23","23.0","21","10","3","25","8","1.24","9.64","3.03","4.03","0.2","597.8","6941"
"Tony Watson","Giants","1","1","7","3","3.84","0","23","23.0","22","10","3","20","7","1.25","7.65","2.56","4.00","0.2","329.8","3132"
"Chris Devenski","Astros","1","1","0","7","4.16","0","23","23.0","21","11","4","25","7","1.23","9.64","2.70","4.24","0.2","598.7","12763"
"Derek Holland","","2","3","0","0","5.07","6","16","45.0","46","25","7","41","21","1.50","8.17","4.27","5.01","0.2","999.0","4141"
"Scott Barlow","Royals","1","1","0","5","4.12","0","24","24.0","21","11","3","28","12","1.37","10.30","4.44","4.15","0.2","598.5","14993"
"Buck Farmer","Tigers","2","2","1","5","4.37","0","24","24.0","23","12","3","24","10","1.38","9.03","3.71","4.35","0.2","594.6","14814"
"Nick Wittgren","Indians","1","1","0","6","4.40","0","24","24.0","23","12","4","23","7","1.28","8.79","2.80","4.27","0.2","588.8","15594"
"Erick Fedde","","1","1","0","0","4.90","4","8","25.0","28","14","4","19","10","1.47","6.73","3.41","4.88","0.2","999.0","17425"
"Justin Wilson","Mets","1","1","1","6","3.77","0","22","22.0","19","9","3","27","11","1.34","10.93","4.47","3.88","0.2","599.5","4301"
"Chris Martin","Braves","1","0","0","5","3.24","0","19","19.0","18","7","2","20","4","1.13","9.30","1.71","3.37","0.2","596.3","11847"
"Tarik Skubal","Tigers","1","1","0","0","4.75","3","3","17.0","17","9","3","18","7","1.37","9.17","3.71","4.80","0.2","594.1","sa3007593"
"Yusmeiro Petit","Athletics","1","1","0","6","4.28","0","27","27.0","26","13","5","24","6","1.21","8.07","2.03","4.37","0.2","557.0","4020"
"Oliver Drake","Rays","1","1","0","5","3.42","0","20","20.0","17","8","2","25","8","1.21","10.84","3.34","3.52","0.2","600.6","8823"
"Corey Knebel","Brewers","1","1","2","3","3.43","0","18","18.0","14","7","2","26","9","1.24","12.78","4.42","3.59","0.2","331.0","15010"
"Sergio Romo","Twins","1","1","1","6","4.62","0","25","25.0","25","13","4","24","8","1.32","8.86","2.95","4.56","0.2","570.9","9817"
"Matt Magill","Mariners","1","1","5","3","4.25","0","22","22.0","20","10","3","25","9","1.31","10.20","3.64","4.23","0.2","344.5","3950"
"Trevor Richards","","1","1","0","0","4.56","3","9","23.0","22","12","4","23","9","1.36","8.84","3.45","4.67","0.2","572.6","19309"
"Ryan Borucki","Blue Jays","2","2","0","0","5.09","5","9","32.0","34","18","5","25","12","1.45","7.15","3.39","5.10","0.2","599.8","16350"
"Brandon Kintzler","Marlins","1","1","8","2","3.97","0","24","24.0","25","11","3","19","7","1.31","6.97","2.61","4.12","0.2","258.1","9939"
"Chaz Roe","Rays","1","1","0","7","4.04","0","24","24.0","21","11","3","27","11","1.34","10.07","4.25","4.09","0.2","592.6","9866"
"Alex Claudio","Brewers","1","1","0","5","3.85","0","20","20.0","21","9","2","13","6","1.35","5.95","2.85","3.96","0.2","999.0","12890"
"Carlos Estevez","Rockies","1","1","0","4","4.21","0","20","20.0","19","10","3","22","8","1.31","9.57","3.40","4.11","0.2","600.2","14542"
"Andrew Miller","Cardinals","2","1","1","4","3.65","0","20","20.0","17","8","2","24","9","1.28","10.75","3.82","3.88","0.2","559.8","6785"
"Jeurys Familia","Mets","1","1","0","5","3.93","0","22","22.0","20","10","2","23","11","1.42","9.18","4.64","3.83","0.2","597.8","5114"
"Patrick Sandoval","Angels","1","1","0","0","4.28","2","4","16.0","15","8","2","16","7","1.36","8.88","3.74","4.47","0.2","592.0","19447"
"Oliver Perez","Indians","2","1","0","7","4.12","0","23","23.0","20","11","4","26","8","1.21","10.04","2.95","4.16","0.2","999.0","1514"
"Daniel Ponce de Leon","Cardinals","2","2","0","4","4.41","2","20","32.0","29","16","4","31","16","1.41","8.93","4.47","4.63","0.2","569.6","16110"
"Alex Colome","White Sox","2","1","11","1","4.18","0","24","24.0","23","11","3","23","9","1.30","8.79","3.26","4.34","0.2","133.0","6661"
"Robbie Erlin","","1","1","0","0","4.56","2","5","17.0","19","9","3","13","4","1.35","6.83","2.16","4.47","0.2","999.0","10354"
"Trevor May","Twins","1","1","1","5","4.09","0","22","22.0","19","10","3","26","9","1.26","10.64","3.85","4.21","0.2","572.4","6398"
"Michael Lorenzen","Reds","1","1","1","6","4.07","0","24","24.0","23","11","3","22","9","1.33","8.35","3.45","4.23","0.2","539.3","14843"
"Colin Poche","Rays","2","1","0","4","3.45","0","18","18.0","14","7","3","26","7","1.15","12.54","3.64","3.67","0.2","597.4","19403"
"Colten Brewer","","2","1","0","1","4.28","2","14","23.0","22","11","2","20","11","1.47","8.08","4.33","4.31","0.2","999.0","12997"
"Anthony Bass","Blue Jays","1","1","1","5","4.39","0","24","24.0","24","12","4","22","8","1.31","8.09","2.86","4.39","0.2","596.0","7982"
"Marcus Walden","Red Sox","1","1","0","5","4.36","0","21","21.0","21","10","2","19","9","1.40","8.05","3.66","4.04","0.2","999.0","8004"
"Daniel Hudson","Nationals","2","1","5","4","4.62","0","24","24.0","24","12","4","24","10","1.41","8.85","3.87","4.59","0.2","262.5","7146"
"Kohl Stewart","Orioles","2","2","0","0","5.55","5","9","32.0","36","20","5","22","15","1.58","6.09","4.11","5.49","0.2","999.0","15502"
"Andrew Suarez","Giants","1","2","0","0","4.76","4","7","25.0","27","13","3","18","8","1.43","6.49","3.08","4.72","0.2","999.0","18300"
"Yoshihisa Hirano","Mariners","2","1","1","4","4.21","0","20","20.0","19","9","3","19","8","1.33","8.58","3.43","4.31","0.2","533.4","19756"
"Dean Kremer","","1","2","0","0","5.54","5","5","28.0","29","17","6","25","13","1.51","8.13","4.08","5.62","0.2","999.0","sa876350"
"Shane Greene","Braves","1","1","1","7","3.94","0","24","24.0","22","11","3","24","8","1.25","9.00","2.94","4.13","0.2","567.0","10756"
"Brett Martin","Rangers","1","1","0","4","3.98","0","18","18.0","17","8","2","17","7","1.35","8.47","3.33","4.07","0.1","999.0","17369"
"Brad Wieck","Cubs","1","1","0","4","3.71","0","20","20.0","15","8","3","27","9","1.26","12.39","4.28","3.91","0.1","999.0","16390"
"Zack Godley","Red Sox","1","1","0","0","5.01","3","7","22.0","23","12","3","19","10","1.47","7.77","3.92","4.88","0.1","599.5","14862"
"Pedro Baez","Dodgers","2","1","0","6","4.26","0","24","24.0","22","11","4","25","10","1.29","9.27","3.56","4.44","0.1","575.8","5420"
"Michael Feliz","Pirates","1","1","0","4","4.11","0","20","20.0","18","9","3","25","9","1.33","10.85","4.05","4.00","0.1","599.9","11903"
"Daniel Mengden","Athletics","1","1","0","0","4.88","3","7","21.0","22","11","4","16","7","1.40","6.81","3.02","4.96","0.1","999.0","16980"
"Heath Hembree","Red Sox","1","1","0","7","4.61","0","22","22.0","21","11","4","24","9","1.34","9.83","3.50","4.47","0.1","999.0","11632"
"Lou Trivino","Athletics","1","1","0","5","4.16","0","21","21.0","19","10","2","21","9","1.37","8.80","4.02","4.09","0.1","600.8","15043"
"Cam Bedrosian","Angels","1","1","1","6","4.17","0","22","22.0","21","10","3","23","9","1.34","9.23","3.57","4.23","0.1","600.7","13360"
"Kevin Ginkel","Diamondbacks","1","1","0","5","3.94","0","22","22.0","18","10","3","28","10","1.26","11.44","4.04","3.96","0.1","551.6","19876"
"Brusdar Graterol","Dodgers","1","1","0","4","3.66","0","17","17.0","15","7","1","17","6","1.27","9.18","3.50","3.62","0.1","584.1","20367"
"Jeremy Jeffress","Cubs","1","1","0","5","4.00","0","20","20.0","20","9","2","17","7","1.32","7.68","3.25","4.10","0.1","599.8","9490"
"Jace Fry","White Sox","1","1","0","5","4.06","0","20","20.0","17","9","2","24","12","1.43","10.57","5.35","4.16","0.1","999.0","16159"
"Cal Quantrill","Padres","1","2","0","0","4.64","2","14","26.0","27","13","4","21","8","1.36","7.43","2.90","4.65","0.1","594.4","19312"
"Casey Mize","","1","1","0","0","4.99","2","2","14.0","15","8","2","11","4","1.39","6.94","2.72","5.03","0.1","999.0","sa3008444"
"David Phelps","Brewers","1","1","0","6","4.16","0","22","22.0","21","10","3","22","10","1.36","8.97","3.86","4.34","0.1","999.0","6316"
"Austin Pruitt","Astros","2","1","0","1","4.83","2","15","26.0","28","14","5","22","7","1.36","7.45","2.42","4.75","0.1","591.2","15290"
"Tommy Milone","Orioles","2","3","0","0","5.71","6","8","37.0","42","23","9","29","10","1.42","7.05","2.45","5.82","0.1","999.0","7608"
"Clay Buchholz","","1","1","0","0","5.12","4","4","20.0","22","12","4","15","6","1.41","6.48","2.85","5.18","0.1","999.0","3543"
"Zack Littell","Twins","1","1","0","4","4.09","0","17","17.0","16","8","2","16","6","1.32","8.72","3.40","4.14","0.1","999.0","15823"
"Pedro Strop","Reds","1","1","0","5","4.17","0","22","22.0","20","10","3","24","10","1.32","9.76","3.91","4.25","0.1","597.5","4070"
"Junior Guerra","Diamondbacks","2","2","1","5","4.50","0","24","24.0","23","12","3","23","10","1.36","8.52","3.82","4.49","0.1","600.9","5702"
"John Gant","Cardinals","1","1","0","6","4.15","0","23","23.0","22","11","3","21","10","1.36","8.30","3.82","4.39","0.1","596.3","13684"
"Jesse Chavez","Rangers","1","1","1","4","4.60","0","19","19.0","20","10","3","18","5","1.34","8.22","2.57","4.49","0.1","999.0","5448"
"Nick Neidert","Marlins","1","2","0","0","4.85","4","5","23.0","24","12","4","18","8","1.41","7.24","3.28","5.01","0.1","999.0","sa874797"
"Wander Suero","Nationals","2","1","0","5","4.10","0","20","20.0","19","9","3","21","8","1.33","9.21","3.34","4.11","0.1","597.5","15855"
"Adam Plutko","Indians","2","2","0","2","5.32","4","18","35.0","38","21","7","29","10","1.37","7.35","2.61","5.35","0.1","598.9","15846"
"Hunter Harvey","Orioles","1","1","6","2","4.73","0","22","22.0","22","12","4","22","9","1.36","8.99","3.51","4.71","0.1","290.6","15507"
"Forrest Whitley","","2","2","0","0","5.02","4","4","21.0","20","12","4","22","12","1.52","9.75","5.11","5.23","0.1","999.0","sa917930"
"Rafael Dolis","Blue Jays","2","1","0","0","4.00","0","16","16.0","15","7","2","16","6","1.33","9.00","3.50","3.99","0.1","600.3","4185"
"Tyler Alexander","Tigers","1","1","0","2","4.81","1","16","22.0","24","12","4","17","4","1.30","7.20","1.73","4.73","0.1","600.2","17735"
"Danny Salazar","","1","2","0","0","5.17","3","10","25.0","26","14","4","23","11","1.50","8.45","4.09","5.00","0.1","599.9","5867"
"Kyle Ryan","Cubs","1","1","0","7","4.26","0","23","23.0","23","11","2","21","11","1.47","8.06","4.41","4.38","0.1","999.0","11753"
"Shun Yamaguchi","Blue Jays","1","1","0","4","4.73","1","19","24.0","24","13","4","25","10","1.39","9.19","3.69","4.73","0.1","598.0","27460"
"Ervin Santana","","1","1","0","0","5.24","3","3","18.0","19","10","3","13","6","1.39","6.46","2.94","5.32","0.1","999.0","3200"
"Miguel Castro","Orioles","1","1","0","4","4.64","0","21","21.0","20","11","3","19","11","1.46","7.91","4.68","4.76","0.1","999.0","15684"
"Peter Lambert","Rockies","1","1","0","0","5.61","4","4","21.0","25","13","4","14","7","1.50","6.01","2.94","5.50","0.1","999.0","17969"
"Darren O'Day","Braves","0","0","0","3","4.17","0","17","17.0","15","8","2","17","6","1.24","9.23","3.28","4.04","0.1","999.0","3321"
"Dereck Rodriguez","Giants","1","2","0","0","4.65","3","12","27.0","28","14","4","21","9","1.38","6.95","3.00","4.75","0.1","999.0","14509"
"Richard Rodriguez","Pirates","2","1","1","6","4.20","0","25","25.0","24","12","4","25","9","1.32","9.09","3.14","4.42","0.1","596.6","13549"
"Chris Mazza","","1","1","0","0","5.11","2","4","16.0","18","9","2","11","5","1.46","6.40","3.05","4.96","0.1","999.0","14151"
"Logan Allen","","2","2","0","0","5.19","5","11","34.0","36","20","7","32","15","1.48","8.26","3.96","5.31","0.1","598.5","18555"
"Matt Strahm","Padres","1","1","0","5","3.92","0","20","20.0","19","9","3","22","6","1.22","9.54","2.61","4.16","0.1","593.1","13799"
"Clayton Richard","","1","1","0","0","5.15","2","2","14.0","16","8","2","9","5","1.51","5.86","3.37","5.12","0.1","999.0","3551"
"Deivi Garcia","","1","1","0","0","4.91","2","2","10.0","10","6","2","12","5","1.45","10.09","4.56","5.02","0.1","999.0","sa916944"
"Devin Smeltzer","Twins","1","1","0","0","4.63","1","9","15.0","16","8","3","13","4","1.32","7.61","2.39","4.72","0.1","600.8","19487"
"Ryan Brasier","Red Sox","1","1","0","4","4.29","0","18","18.0","17","8","3","18","6","1.28","9.12","3.03","4.27","0.1","593.0","5615"
"Yimi Garcia","Marlins","1","1","0","5","4.48","0","20","20.0","20","10","3","20","5","1.24","8.90","2.40","4.37","0.1","598.2","12095"
"Aaron Sanchez","","1","1","0","0","4.68","2","7","16.0","16","8","2","14","8","1.49","7.70","4.33","4.86","0.1","999.0","11490"
"Chris Stratton","Pirates","1","2","0","3","4.72","1","18","24.0","25","12","3","20","9","1.44","7.60","3.29","4.60","0.1","999.0","13761"
"Noe Ramirez","Angels","1","1","0","4","4.27","0","17","17.0","15","8","3","18","6","1.28","9.92","3.16","4.29","0.1","600.4","12800"
"Taylor Clarke","","1","2","0","0","5.15","2","12","24.0","25","14","4","19","9","1.42","7.29","3.29","5.14","0.1","999.0","17611"
"Erik Swanson","Mariners","1","1","0","5","4.66","1","23","26.0","25","13","5","26","8","1.28","8.98","2.71","4.68","0.1","999.0","16587"
"Kelvin Herrera","White Sox","1","1","0","4","4.52","0","18","18.0","18","9","3","17","6","1.33","8.71","3.10","4.45","0.1","599.7","6033"
"Anthony Kay","","1","2","0","0","5.22","3","9","23.0","23","13","4","21","11","1.51","8.20","4.34","5.29","0.1","600.6","20387"
"Michael King","","1","1","0","0","4.75","1","7","13.0","13","7","2","10","3","1.33","7.18","2.35","4.76","0.1","600.5","19853"
"Tony Gonsolin","","1","1","0","0","4.76","3","7","21.0","21","11","4","20","9","1.40","8.55","3.81","5.14","0.1","542.5","19388"
"Tanner Rainey","Nationals","1","1","0","6","4.29","0","22","22.0","17","11","3","30","16","1.50","12.18","6.66","4.44","0.1","598.6","17610"
"Austin Gomber","Cardinals","1","1","0","0","4.35","1","9","14.0","14","7","2","14","6","1.34","8.62","3.52","4.58","0.1","600.6","16561"
"Chi Chi Gonzalez","Rockies","1","1","0","0","5.56","2","6","14.0","16","9","2","10","6","1.56","6.66","4.06","5.33","0.1","999.0","14663"
"Tim Hill","Padres","1","1","0","4","3.84","0","18","18.0","17","8","2","16","6","1.33","8.20","3.22","4.11","0.1","999.0","16814"
"Matt Harvey","","1","1","0","0","5.31","3","3","17.0","19","10","3","13","6","1.42","6.78","2.97","5.28","0.1","999.0","11713"
"Kyle Crick","Pirates","1","1","3","4","4.27","0","24","24.0","22","11","3","26","13","1.43","9.87","4.84","4.40","0.1","476.8","13182"
"Walker Lockett","Mets","1","1","0","0","4.57","1","5","11.0","12","5","2","8","3","1.35","6.62","2.34","4.58","0.1","999.0","13804"
"Jaime Barria","","1","2","0","0","5.26","4","7","25.0","26","14","5","20","7","1.37","7.47","2.67","5.34","0.1","601.0","18356"
"Sam Gaviglio","Blue Jays","1","1","0","5","4.52","0","20","20.0","21","10","3","18","5","1.29","7.88","2.35","4.50","0.1","600.7","12778"
"Paul Fry","Orioles","1","1","0","4","4.21","0","18","18.0","17","9","2","18","9","1.43","8.77","4.39","4.57","0.1","999.0","15832"
"Evan Marshall","White Sox","1","1","0","4","4.33","0","19","19.0","19","9","2","17","8","1.41","7.87","3.70","4.43","0.1","999.0","12297"
"Nick Margevicius","","1","1","0","0","4.96","2","2","10.0","12","6","2","8","3","1.37","6.58","2.38","4.99","0.1","999.0","20395"
"Robert Stephenson","Reds","1","1","0","4","4.11","0","18","18.0","15","8","3","23","9","1.34","11.24","4.56","4.44","0.1","598.1","13594"
"Brian Johnson","","2","2","0","0","5.46","5","5","31.0","34","19","6","26","15","1.56","7.35","4.19","5.46","0.1","999.0","14272"
"Jesse Hahn","Royals","1","1","0","1","4.71","1","12","18.0","19","9","2","15","9","1.52","7.25","4.28","4.69","0.1","999.0","13287"
"Conner Menez","","1","1","0","0","4.33","2","10","19.0","17","9","3","20","9","1.40","9.48","4.53","4.59","0.1","999.0","19199"
"Brandon Brennan","Mariners","1","1","0","4","4.20","0","20","20.0","19","10","2","20","10","1.44","8.83","4.39","4.25","0.1","600.8","13527"
"Touki Toussaint","","1","1","0","0","4.58","1","3","9.0","8","4","1","9","5","1.49","9.11","4.90","4.73","0.1","599.7","16929"
"Shawn Armstrong","Orioles","1","1","0","3","4.59","0","15","15.0","14","8","2","15","7","1.40","9.38","4.19","4.68","0.1","999.0","12857"
"Sixto Sanchez","Marlins","0","1","0","0","4.47","1","1","7.0","7","3","1","5","2","1.34","6.88","2.64","4.66","0.1","999.0","sa873550"
"Jose De Leon","","1","1","0","0","4.71","1","7","13.0","12","7","2","14","6","1.42","9.94","4.35","4.81","0.1","600.0","15463"
"JT Brubaker","","0","1","0","0","4.81","1","3","9.0","9","5","1","7","3","1.45","7.12","3.39","4.76","0.1","999.0","sa875176"
"Jose Cisnero","Tigers","1","1","0","6","4.96","0","24","24.0","23","13","4","25","13","1.50","9.46","4.70","4.91","0.1","999.0","6399"
"Lucas Sims","Reds","1","1","0","3","4.51","1","15","18.0","16","9","3","23","9","1.33","11.50","4.23","4.65","0.1","600.7","13470"
"Jose Suarez","Angels","0","0","0","0","4.83","1","1","7.0","7","4","1","6","3","1.42","8.16","3.59","5.09","0.1","999.0","19911"
"Hector Rondon","Diamondbacks","1","1","1","5","4.18","0","22","22.0","22","10","3","20","7","1.32","8.15","2.94","4.35","0.1","600.5","2391"
"Tommy Hunter","Phillies","1","1","1","4","4.16","0","17","17.0","17","8","2","14","5","1.28","7.62","2.53","4.34","0.1","999.0","1157"
"Fernando Rodney","","0","0","0","0","4.27","0","9","9.0","9","4","1","9","5","1.45","9.16","4.71","4.43","0.1","600.9","494"
"Adbert Alzolay","","0","1","0","0","4.90","1","4","10.0","9","5","2","10","5","1.45","9.07","4.34","5.16","0.1","600.8","17859"
"Jordan Zimmermann","Tigers","1","1","0","0","5.57","2","2","10.0","12","6","2","8","3","1.42","6.48","2.21","5.39","0.1","600.3","4505"
"Daniel Gossett","","1","0","0","0","4.77","1","3","9.0","9","5","1","7","3","1.40","7.14","3.27","4.95","0.1","999.0","16164"
"Jonathan Holder","Yankees","1","1","0","4","4.59","0","17","17.0","16","8","3","17","6","1.32","9.31","3.14","4.73","0.1","999.0","16588"
"Brad Peacock","Astros","1","1","0","4","4.23","0","17","17.0","15","8","3","19","6","1.27","10.42","3.44","4.30","0.1","580.7","5401"
"Joe Biagini","Astros","1","1","0","5","4.61","0","20","20.0","20","10","3","17","7","1.39","7.85","3.42","4.45","0.1","999.0","13194"
"Tanner Scott","Orioles","1","1","0","2","3.76","0","13","13.0","11","5","1","16","7","1.35","10.99","4.79","3.73","0.1","999.0","17586"
"Mike Mayers","Angels","1","1","0","3","4.47","0","17","17.0","16","8","3","16","6","1.36","8.70","3.38","4.59","0.0","999.0","15451"
"Adrian Morejon","","0","0","0","0","4.29","1","4","7.0","7","3","1","8","3","1.39","9.75","4.25","4.45","0.0","600.7","20039"
"Ryan Helsley","Cardinals","1","1","3","5","4.26","0","22","22.0","20","11","3","23","10","1.36","9.14","4.11","4.39","0.0","306.9","18138"
"Tyler Rogers","Giants","1","1","3","5","4.00","0","24","24.0","24","11","2","18","10","1.42","6.75","3.85","4.24","0.0","517.2","15541"
"Glenn Sparkman","Royals","1","1","0","0","5.50","2","12","23.0","27","14","4","15","7","1.45","5.76","2.57","5.25","0.0","599.8","15200"
"Joseph Palumbo","","0","0","0","0","4.80","1","4","6.0","6","3","1","7","3","1.43","9.44","4.17","4.57","0.0","600.0","17035"
"Hunter Wood","Indians","1","1","1","3","4.35","0","16","16.0","15","8","2","16","6","1.37","9.18","3.48","4.48","0.0","999.0","15091"
"Jason Vargas","","1","1","0","0","5.61","4","4","21.0","23","13","4","16","8","1.49","7.09","3.56","5.74","0.0","999.0","8044"
"Marco Estrada","","1","2","0","0","5.74","4","4","21.0","22","13","4","16","8","1.47","6.88","3.50","5.76","0.0","999.0","1118"
"Adam Kolarek","Dodgers","1","0","0","1","3.53","0","10","10.0","10","4","1","8","3","1.30","7.00","2.94","3.71","0.0","999.0","10843"
"Stephen Tarpley","Marlins","1","1","0","3","4.07","0","17","17.0","16","8","2","17","9","1.45","8.94","4.62","4.30","0.0","999.0","15859"
"Robert Dugger","Marlins","1","1","0","0","5.01","2","10","21.0","22","12","4","17","8","1.42","7.12","3.37","5.19","0.0","999.0","19191"
"Anthony Banda","","1","1","0","1","4.10","0","13","13.0","12","6","2","13","5","1.32","8.84","3.56","4.24","0.0","999.0","14706"
"Phil Maton","Indians","1","1","0","1","4.10","0","12","12.0","11","6","2","14","5","1.30","10.05","3.41","4.09","0.0","999.0","18064"
"Keegan Akin","","1","2","0","0","5.83","4","4","21.0","21","13","4","19","12","1.59","8.42","5.03","5.97","0.0","999.0","sa873980"
"Jefry Rodriguez","Indians","1","1","0","0","5.17","2","4","12.0","13","7","2","10","6","1.55","7.17","4.60","5.25","0.0","600.7","17018"
"Trevor Cahill","","1","1","0","1","4.30","1","15","18.0","17","8","2","15","7","1.37","7.95","3.52","4.23","0.0","599.3","6249"
"Ashton Goudeau","","1","1","0","0","5.49","1","10","16.0","18","10","3","13","6","1.45","7.31","3.06","5.36","0.0","999.0","sa658634"
"Josh Taylor","Red Sox","1","1","0","2","3.73","0","13","13.0","11","5","1","14","6","1.32","9.98","3.92","3.75","0.0","599.5","17359"
"Luke Gregerson","","0","0","0","0","4.59","0","9","9.0","10","5","1","7","3","1.37","7.27","3.10","4.18","0.0","999.0","4090"
"Sam Coonrod","Giants","1","1","1","4","4.22","0","18","18.0","17","9","2","18","10","1.43","8.55","4.68","4.41","0.0","999.0","17264"
"Casey Sadler","Cubs","1","1","0","3","4.01","0","16","16.0","16","7","2","13","5","1.28","7.58","2.64","4.48","0.0","999.0","11209"
"Jon Duplantier","","0","0","0","0","4.47","1","8","11.0","10","5","1","11","6","1.47","9.00","4.70","4.52","0.0","598.8","19546"
"Robert Gsellman","Mets","1","1","0","3","4.18","0","15","15.0","15","7","2","13","5","1.35","7.96","3.28","4.32","0.0","600.7","13696"
"Kyle Hart","","1","1","0","0","5.13","1","8","14.0","15","8","2","10","5","1.48","6.89","3.62","5.12","0.0","999.0","sa918414"
"Caleb Ferguson","Dodgers","1","1","0","2","3.64","0","14","14.0","12","6","2","17","6","1.25","11.03","3.91","3.80","0.0","999.0","19349"
"Peter Fairbanks","Rays","1","1","0","2","3.73","0","15","15.0","13","6","2","18","6","1.29","10.72","3.80","3.82","0.0","599.6","17998"
"Andrew Kittredge","Rays","0","0","0","0","3.37","0","9","9.0","8","3","1","10","3","1.17","9.63","2.56","3.46","0.0","600.3","12828"
"Ranger Suarez","Phillies","1","1","0","3","4.23","0","13","13.0","13","6","2","11","4","1.33","7.59","2.83","4.39","0.0","999.0","17277"
"Cody Reed","Reds","1","1","0","1","3.89","0","11","11.0","10","5","1","12","5","1.33","9.97","3.97","4.18","0.0","999.0","15232"
"Sam Dyson","","0","0","0","0","4.31","0","9","9.0","9","4","1","8","3","1.33","7.31","3.04","4.47","0.0","999.0","11710"
"Ray Black","Brewers","1","1","0","2","3.96","0","13","13.0","10","6","2","18","7","1.33","12.55","4.92","3.98","0.0","600.6","14244"
"Ryne Harper","Nationals","1","1","0","2","4.25","0","13","13.0","13","6","2","12","4","1.28","8.10","2.74","4.29","0.0","999.0","12680"
"Jalen Beeks","Rays","1","1","0","0","4.36","1","8","11.0","11","5","2","10","5","1.39","8.54","3.75","4.64","0.0","600.0","17192"
"Andrew Cashner","","1","1","0","0","5.03","2","11","20.0","21","11","3","15","8","1.46","6.82","3.53","5.01","0.0","999.0","8782"
"Alex Reyes","","0","1","0","0","4.61","1","6","9.0","8","5","1","10","6","1.50","9.99","5.59","4.58","0.0","574.8","15015"
"Brad Brach","Mets","1","1","0","2","4.17","0","15","15.0","14","7","2","15","7","1.39","9.38","4.24","4.11","0.0","999.0","6627"
"Enyel De Los Santos","","1","1","0","0","5.21","1","7","13.0","13","7","2","11","5","1.44","8.03","3.74","5.30","0.0","999.0","18403"
"Matt Wisler","Twins","1","1","0","1","4.72","0","13","13.0","13","7","2","12","3","1.30","8.42","2.35","4.56","0.0","999.0","12804"
"Tyler Clippard","Twins","1","1","0","5","4.76","0","20","20.0","19","11","4","22","7","1.30","9.69","3.27","4.92","0.0","600.2","5640"
"Dennis Santana","Dodgers","1","1","0","0","4.46","1","7","10.0","10","5","1","10","5","1.39","9.30","4.10","4.58","0.0","999.0","17878"
"Paul Blackburn","","0","0","0","0","4.75","1","4","7.0","8","4","1","5","2","1.40","5.98","2.61","4.73","0.0","999.0","14739"
"James Hoyt","Indians","1","0","0","0","4.11","0","11","11.0","10","5","1","12","5","1.33","9.67","3.77","4.11","0.0","999.0","14605"
"Steve Cishek","White Sox","2","1","0","6","4.30","0","23","23.0","21","11","4","23","10","1.36","8.96","4.05","4.78","0.0","590.1","6483"
"Adam Cimber","Indians","1","1","0","5","4.62","0","20","20.0","22","10","3","15","6","1.39","6.75","2.74","4.60","0.0","999.0","15288"
"Blake Wood","","1","1","0","0","4.15","0","9","9.0","9","4","1","9","4","1.42","8.77","3.90","3.91","0.0","999.0","1345"
"Ariel Jurado","","0","0","0","0","5.38","1","2","5.0","6","3","1","3","1","1.46","5.76","2.44","5.23","0.0","999.0","17030"
"Cody Stashak","Twins","1","1","0","2","4.62","0","15","15.0","15","8","3","15","4","1.28","8.91","2.51","4.55","0.0","999.0","18088"
"David Robertson","Phillies","0","0","0","0","3.60","0","6","6.0","4","2","1","7","2","1.24","11.12","4.02","3.73","0.0","594.7","8241"
"Shelby Miller","","0","1","0","0","5.43","1","4","10.0","11","6","2","8","5","1.57","7.61","4.43","5.28","0.0","999.0","10197"
"Dylan Floro","Dodgers","1","1","0","3","4.19","0","17","17.0","17","8","2","13","6","1.36","7.29","2.99","4.45","0.0","999.0","13394"
"Alex Vesia","","1","1","0","0","3.89","0","10","10.0","9","4","1","11","4","1.31","9.83","3.77","3.88","0.0","999.0","sa3008070"
"Kevin McCarthy","Royals","1","1","0","6","4.49","0","22","22.0","25","11","3","14","8","1.48","5.81","3.34","4.64","0.0","999.0","15240"
"Carl Edwards Jr.","Mariners","1","1","0","2","4.36","0","14","14.0","11","7","2","17","8","1.38","10.98","5.20","4.41","0.0","600.2","13607"
"Sam Tuivailala","","1","1","0","0","4.18","0","9","9.0","9","4","1","9","4","1.37","8.82","3.56","4.09","0.0","600.0","13485"
"Aaron Loup","Rays","0","0","0","0","3.58","0","11","11.0","10","4","1","11","4","1.30","9.04","3.44","3.95","0.0","999.0","10343"
"Deolis Guerra","Phillies","0","0","0","0","3.88","0","9","9.0","8","4","1","9","3","1.19","9.67","2.68","4.00","0.0","999.0","8410"
"Adam Conley","Marlins","1","1","0","4","4.45","0","20","20.0","20","10","3","18","8","1.37","7.88","3.44","4.50","0.0","999.0","14457"
"Dillon Maples","","1","0","0","0","3.82","0","7","7.0","5","3","0","11","6","1.56","13.34","7.73","3.86","0.0","999.0","14672"
"Ronald Bolanos","","0","1","0","0","5.27","1","3","9.0","9","5","1","8","5","1.56","7.74","4.82","5.34","0.0","999.0","20041"
"Dan Altavilla","Mariners","1","1","1","3","4.30","0","18","18.0","15","8","3","21","9","1.37","10.83","4.76","4.53","0.0","600.8","16507"
"J.B. Wendelken","Athletics","1","1","0","2","4.24","0","13","13.0","12","6","2","13","5","1.35","9.20","3.59","4.17","0.0","999.0","14506"
"Dillon Peters","Angels","0","0","0","0","4.90","1","2","5.0","6","3","1","4","2","1.41","7.05","3.00","5.03","0.0","999.0","18790"
"Grant Dayton","Braves","0","0","0","0","3.99","0","6","6.0","5","2","1","7","2","1.24","10.92","3.21","3.86","0.0","999.0","11203"
"Jeff Brigham","Marlins","1","1","0","2","4.12","0","14","14.0","13","6","2","14","6","1.33","8.88","3.64","4.22","0.0","999.0","16631"
"Brandon Bielak","","0","0","0","0","4.96","1","1","3.0","3","2","1","3","2","1.45","7.99","3.94","5.16","0.0","999.0","sa915815"
"Drew Steckenrider","Marlins","0","0","0","0","3.86","0","8","8.0","7","3","1","9","4","1.30","9.99","3.87","4.09","0.0","600.5","18806"
"Joely Rodriguez","Rangers","1","1","0","2","4.57","0","14","14.0","14","7","2","13","6","1.44","8.55","4.03","4.63","0.0","599.5","11487"
"Sterling Sharp","Marlins","1","1","0","1","4.31","0","13","13.0","14","6","1","9","4","1.40","6.38","3.11","4.33","0.0","999.0","sa738458"
"Lewis Thorpe","","0","0","0","0","4.19","0","7","7.0","7","3","1","8","2","1.26","9.73","2.72","4.28","0.0","600.7","15906"
"Wilmer Font","Blue Jays","1","1","0","2","4.65","0","12","12.0","12","6","2","13","4","1.30","9.89","2.93","4.49","0.0","599.5","5257"
"Corey Oswalt","","0","0","0","0","4.94","1","1","3.0","4","2","1","3","1","1.39","7.49","2.94","4.97","0.0","999.0","13677"
"Ljay Newsome","","0","1","0","0","5.37","1","1","7.0","8","4","2","5","1","1.30","7.06","1.53","5.50","0.0","999.0","sa875837"
"Taylor Guilbeau","Mariners","0","0","0","0","4.00","0","7","7.0","6","3","1","6","3","1.36","8.25","3.74","3.89","0.0","999.0","18306"
"David Bednar","Padres","0","0","0","0","3.75","0","7","7.0","6","3","1","8","3","1.30","9.95","4.06","3.82","0.0","999.0","19569"
"Ben Heller","","1","1","0","2","4.31","0","12","12.0","11","6","2","14","6","1.34","10.03","4.07","4.57","0.0","999.0","15100"
"John Schreiber","","1","1","0","0","4.41","0","11","11.0","11","5","2","11","4","1.33","8.79","3.36","4.32","0.0","999.0","20020"
"A.J. Minter","","1","0","0","0","3.90","0","7","7.0","7","3","1","8","3","1.32","10.16","3.83","3.85","0.0","999.0","18655"
"Nick Goody","Rangers","1","1","0","6","5.13","0","25","25.0","24","14","5","28","12","1.43","10.18","4.40","5.24","0.0","999.0","13685"
"Pierce Johnson","Padres","1","1","0","2","4.18","0","15","15.0","14","7","2","16","6","1.35","9.51","3.82","4.32","0.0","600.2","13435"
"Bryan Abreu","Astros","1","1","0","5","4.37","0","21","21.0","18","10","3","25","13","1.46","10.62","5.56","4.61","0.0","576.7","16609"
"Austin Brice","Red Sox","1","1","0","3","4.62","0","14","14.0","14","7","2","13","5","1.34","8.54","3.22","4.64","0.0","999.0","17237"
"Aaron Barrett","","0","0","0","1","4.65","0","11","11.0","11","6","2","10","5","1.46","7.92","4.28","4.81","0.0","999.0","11243"
"Nate Jones","","1","1","0","0","4.22","0","9","9.0","9","4","1","9","4","1.36","9.10","3.87","4.25","0.0","999.0","4696"
"Stefan Crichton","Diamondbacks","1","1","0","2","4.27","0","15","15.0","15","7","2","13","5","1.34","8.05","3.22","4.28","0.0","999.0","16058"
"Felix Pena","Angels","1","1","0","1","4.50","0","12","12.0","12","6","2","13","4","1.31","9.22","3.06","4.50","0.0","600.6","13403"
"Cristian Javier","","0","0","0","0","4.92","1","4","6.0","6","4","1","8","4","1.50","11.01","5.61","5.18","0.0","600.9","sa874816"
"Dan Winkler","Cubs","1","1","0","1","4.80","0","11","11.0","10","6","1","11","6","1.47","8.68","4.85","4.76","0.0","999.0","12237"
"Chad Sobotka","","0","0","0","0","4.22","0","9","9.0","7","4","1","10","5","1.40","10.60","5.00","4.12","0.0","999.0","17470"
"Blake Parker","","0","0","0","0","4.55","0","9","9.0","9","5","2","10","3","1.32","9.47","3.24","4.46","0.0","589.0","5224"
"Reyes Moronta","Giants","1","0","0","0","3.90","0","9","9.0","7","4","1","11","5","1.37","10.74","5.14","4.05","0.0","596.1","14966"
"Robert Stock","","1","1","0","1","4.35","0","10","10.0","10","5","1","12","5","1.44","10.13","4.69","4.51","0.0","999.0","6576"
"Jose Castillo","Padres","0","0","0","0","3.57","0","4","4.0","3","1","0","5","2","1.22","11.60","3.77","3.68","0.0","999.0","17169"
"Tony Sipp","","0","0","0","0","4.63","0","7","7.0","7","4","1","7","3","1.41","8.68","3.72","4.34","0.0","999.0","8280"
"Nick Vincent","","0","0","0","0","4.17","0","7","7.0","7","3","1","6","2","1.25","7.90","2.42","4.06","0.0","999.0","7555"
"David Hess","","0","1","0","0","5.64","1","6","9.0","10","6","2","8","3","1.45","7.72","3.29","5.62","0.0","999.0","16130"
"Joe Smith","Astros","0","0","0","0","4.03","0","6","6.0","5","2","1","5","2","1.26","8.40","2.69","4.31","0.0","599.8","3281"
"J.P. Feyereisen","","1","1","0","1","4.39","0","11","11.0","10","5","2","13","6","1.42","10.50","4.97","4.60","0.0","999.0","sa829227"
"Sam Delaplane","","0","0","0","0","3.91","0","4","4.0","3","2","0","4","2","1.28","10.88","3.94","3.95","0.0","600.6","sa3004222"
"Scott Alexander","Dodgers","0","0","0","0","3.65","0","4","4.0","4","2","0","4","2","1.40","7.26","3.68","3.74","0.0","999.0","10591"
"Sean Reid-Foley","","1","1","0","1","4.94","1","11","14.0","13","8","2","15","8","1.51","9.47","5.05","5.00","0.0","999.0","17034"
"Luis Perdomo","Padres","0","0","0","0","4.06","0","6","6.0","6","3","1","5","2","1.34","7.59","2.91","4.05","0.0","999.0","14682"
"Tyler Webb","Cardinals","1","1","0","3","4.36","0","17","17.0","16","8","2","16","7","1.39","8.40","3.81","4.62","0.0","600.6","14974"
"Nik Turley","","0","0","0","0","4.40","0","9","9.0","9","5","1","10","5","1.44","9.24","4.39","4.33","0.0","999.0","5530"
"Roenis Elias","Nationals","1","1","0","3","4.93","0","16","16.0","16","9","2","13","6","1.45","7.55","3.71","4.94","0.0","599.5","12673"
"Ian Hamilton","White Sox","0","0","0","0","4.22","0","9","9.0","8","4","1","9","3","1.34","9.06","3.28","4.54","0.0","999.0","19261"
"Ryan Tepera","Cubs","1","1","0","2","4.45","0","13","13.0","13","6","2","12","5","1.38","7.99","3.76","4.61","0.0","999.0","10291"
"Hoby Milner","","0","0","0","0","3.83","0","3","3.0","3","1","0","3","1","1.23","9.42","3.04","4.10","0.0","999.0","13346"
"Richard Lovelady","Royals","0","0","0","0","4.06","0","4","4.0","4","2","0","3","1","1.36","7.84","3.42","4.10","0.0","600.7","19337"
"Cole Sulser","Orioles","0","0","0","0","4.43","0","4","4.0","4","2","1","5","2","1.35","9.98","3.78","4.52","0.0","999.0","15256"
"Kyle Keller","","0","0","0","0","4.05","0","4","4.0","4","2","1","5","2","1.34","10.36","4.31","4.31","0.0","999.0","18890"
"Jose Quijada","Angels","0","0","0","0","4.26","0","10","10.0","8","5","1","12","6","1.40","10.77","5.05","4.48","0.0","999.0","19200"
"Ben Braymer","","1","1","0","0","5.52","2","4","12.0","13","8","2","9","6","1.55","6.84","4.26","5.72","0.0","999.0","sa918477"
"Daniel Zamora","","0","0","0","0","3.95","0","7","7.0","6","3","1","7","3","1.31","9.42","3.77","4.17","0.0","999.0","17811"
"Sam Selman","","0","0","0","0","3.66","0","2","2.0","1","1","0","2","1","1.31","11.60","5.01","3.52","0.0","999.0","13397"
"Michel Baez","Padres","0","0","0","0","4.07","0","5","5.0","4","2","1","5","2","1.41","9.55","4.49","4.31","0.0","999.0","20100"
"Matt Bowman","","0","0","0","0","4.40","0","7","7.0","6","3","1","6","3","1.40","8.18","3.89","4.53","0.0","999.0","13528"
"Dominic Leone","","0","0","0","0","4.73","0","10","10.0","10","5","2","12","5","1.37","10.36","4.00","4.48","0.0","999.0","13763"
"Dovydas Neverauskas","Pirates","1","1","0","2","4.63","0","14","14.0","13","7","2","15","7","1.44","9.68","4.53","4.37","0.0","999.0","11604"
"Phillip Diehl","Rockies","1","1","0","2","4.72","0","14","14.0","14","7","2","14","6","1.40","8.64","3.70","4.74","0.0","999.0","20030"
"Trevor Rosenthal","Royals","0","1","0","4","4.78","0","17","17.0","15","9","2","20","13","1.65","10.61","6.87","4.67","0.0","533.5","10745"
"Cody Carroll","Orioles","1","1","0","1","5.11","0","12","12.0","12","7","2","13","7","1.56","9.23","5.39","5.02","0.0","999.0","17664"
"Andrew Triggs","","0","0","0","0","4.02","0","7","7.0","6","3","1","6","2","1.31","8.17","3.14","4.13","0.0","999.0","13533"
"Zach Duke","","1","1","0","0","4.50","0","9","9.0","9","5","1","8","4","1.45","7.86","4.34","4.49","0.0","999.0","3840"
"Jimmie Sherfy","","0","0","0","0","4.37","0","4","4.0","3","2","1","4","2","1.35","10.58","4.13","4.30","0.0","999.0","15118"
"Fernando Romero","Twins","0","0","0","0","4.30","0","4","4.0","4","2","0","3","2","1.41","8.38","4.02","4.43","0.0","999.0","15885"
"Tyler Lyons","","1","1","0","0","4.48","0","10","10.0","10","5","2","12","4","1.35","10.01","3.61","4.92","0.0","999.0","11334"
"Gerardo Reyes","","0","1","0","0","4.30","0","9","9.0","8","4","1","11","5","1.40","10.49","5.00","4.36","0.0","999.0","16306"
"Trevor Megill","","0","0","0","0","4.07","0","3","3.0","2","1","0","3","1","1.34","10.34","3.69","4.12","0.0","999.0","sa828803"
"Darwinzon Hernandez","Red Sox","1","0","0","0","4.33","0","10","10.0","8","5","1","14","8","1.57","12.35","7.19","4.41","0.0","596.0","19848"
"Ian Gibaut","","0","0","0","0","4.85","0","6","6.0","5","3","1","6","3","1.52","9.77","5.01","4.62","0.0","999.0","17871"
"Paul Sewald","","0","0","0","0","4.61","0","7","7.0","7","3","1","7","2","1.32","9.06","2.90","4.55","0.0","999.0","13892"
"Josh Sborz","","0","0","0","0","4.00","0","4","4.0","3","2","1","4","1","1.28","9.45","3.48","4.17","0.0","999.0","18323"
"Jeffrey Springs","","0","0","0","0","4.64","0","8","8.0","8","4","1","9","4","1.40","10.09","4.25","4.53","0.0","999.0","17677"
"Hector Velazquez","","0","0","0","0","4.85","0","7","7.0","8","4","1","6","3","1.49","7.23","3.74","5.00","0.0","999.0","19341"
"Joel Kuhnel","","0","0","0","0","4.27","0","6","6.0","6","3","1","5","2","1.38","7.86","3.37","4.56","0.0","999.0","19995"
"Jonny Venters","","0","0","0","0","4.41","0","9","9.0","9","5","1","9","6","1.56","8.57","5.59","4.62","0.0","999.0","7175"
"Zac Grotz","","0","0","0","0","3.85","0","2","2.0","2","1","0","2","1","1.26","8.11","2.66","3.90","0.0","999.0","18256"
"Daulton Jefferies","","0","0","0","0","3.95","0","2","2.0","2","1","0","2","0","1.17","8.59","1.97","4.02","0.0","999.0","sa738964"
"Geoff Hartlieb","","0","0","0","0","4.26","0","4","4.0","4","2","0","4","2","1.45","8.77","4.19","4.20","0.0","999.0","19558"
"Addison Reed","","0","0","0","0","4.71","0","9","9.0","10","5","2","8","3","1.31","7.68","2.46","4.58","0.0","999.0","10586"
"Ross Detwiler","","1","1","0","0","5.64","1","7","13.0","14","8","2","9","5","1.53","6.32","3.39","5.57","0.0","999.0","2859"
"Victor Arano","","0","0","0","0","4.36","0","8","8.0","7","4","1","9","3","1.34","9.98","3.61","4.52","0.0","601.0","15915"
"James Pazos","Rockies","1","1","0","3","5.14","0","17","17.0","17","10","2","15","8","1.53","7.84","4.38","4.92","0.0","999.0","13323"
"Tony Cingrani","","0","0","0","0","4.26","0","9","9.0","9","4","1","10","4","1.38","9.71","4.04","4.59","0.0","999.0","12555"
"Aaron Fletcher","","0","0","0","0","4.24","0","3","3.0","3","1","0","3","1","1.36","8.50","3.58","4.30","0.0","999.0","sa3007591"
"Codi Heuer","","0","0","0","0","4.41","0","4","4.0","5","2","1","4","2","1.39","7.30","3.20","4.53","0.0","999.0","sa3006764"
"Ben Bowden","","0","0","0","0","4.88","0","6","6.0","5","3","1","7","3","1.48","10.78","5.08","4.79","0.0","999.0","sa873701"
"Juan Nicasio","","0","0","0","0","4.50","0","3","3.0","3","1","0","3","1","1.39","8.77","3.33","4.59","0.0","999.0","7731"
"Tony Santillan","","0","0","0","0","5.64","1","1","3.0","4","2","1","3","2","1.58","7.13","4.56","5.71","0.0","999.0","sa874781"
"Dan Otero","","0","0","0","0","4.40","0","2","2.0","2","1","0","1","0","1.31","5.90","1.61","4.24","0.0","999.0","7385"
"Bobby Wahl","","1","1","0","0","4.33","0","9","9.0","7","4","1","11","5","1.41","11.34","5.10","4.62","0.0","999.0","14832"
"Joey Gerber","","0","0","0","0","4.36","0","4","4.0","4","2","1","5","2","1.40","10.02","4.49","4.41","0.0","999.0","sa3006700"
"Ryan Sherriff","","0","0","0","0","4.13","0","2","2.0","2","1","0","1","1","1.32","6.86","2.81","4.08","0.0","999.0","12249"
"James Bourque","","0","0","0","0","4.30","0","4","4.0","4","2","1","5","2","1.47","9.92","4.93","4.43","0.0","999.0","16668"
"Luis Garcia","","0","0","0","0","4.52","0","2","2.0","2","1","0","2","1","1.47","8.52","4.32","4.42","0.0","999.0","6984"
"Kyle McGowin","","0","0","0","0","4.71","0","7","7.0","7","3","1","7","2","1.34","8.87","3.01","4.55","0.0","999.0","15071"
"Edubray Ramos","","0","0","0","0","4.48","0","3","3.0","3","1","0","3","1","1.34","8.26","3.22","4.44","0.0","999.0","16086"
"Nestor Cortes","Mariners","0","0","0","0","4.68","0","9","9.0","9","5","2","9","4","1.38","8.97","3.54","4.65","0.0","999.0","17874"
"Marshall Kasowski","","0","0","0","0","4.32","0","2","2.0","1","1","0","2","1","1.45","11.72","5.98","4.09","0.0","999.0","sa3005114"
"Kevin Quackenbush","","0","0","0","0","4.38","0","4","4.0","4","2","1","4","1","1.32","9.55","3.21","4.55","0.0","999.0","12360"
"Eric Yardley","","0","0","0","0","4.26","0","4","4.0","4","2","0","3","1","1.39","6.17","2.87","4.48","0.0","999.0","15538"
"Jacob Rhame","Angels","0","0","0","0","4.53","0","4","4.0","3","2","1","4","1","1.32","9.52","3.42","4.64","0.0","999.0","15267"
"Luis Cessa","Yankees","0","0","0","1","4.64","0","11","11.0","11","6","2","10","4","1.38","8.40","3.35","4.86","0.0","600.8","13345"
"Taylor Cole","","0","0","0","0","4.35","0","4","4.0","4","2","1","4","2","1.37","8.88","3.77","4.42","0.0","999.0","11964"
"Taylor Williams","","0","0","0","0","4.47","0","8","8.0","8","4","1","8","4","1.41","8.75","3.99","4.47","0.0","999.0","14899"
"A.J. Cole","","0","0","0","0","4.76","0","7","7.0","7","4","1","8","3","1.36","9.25","3.38","4.72","0.0","999.0","11467"
"Cesar Valdez","","0","0","0","0","4.53","0","2","2.0","2","1","0","1","0","1.34","6.23","2.06","4.67","0.0","999.0","9013"
"Demarcus Evans","","0","0","0","0","4.54","0","4","4.0","4","2","1","6","4","1.63","11.90","7.45","4.82","0.0","589.8","sa875783"
"Gabe Speier","","0","0","0","0","4.73","0","4","4.0","4","2","0","3","2","1.48","7.76","4.35","4.74","0.0","999.0","17170"
"Sal Romano","","0","0","0","0","4.63","0","4","4.0","4","2","1","3","1","1.38","8.30","3.32","4.54","0.0","999.0","13690"
"Dillon Tate","Orioles","0","0","0","0","4.97","0","7","7.0","7","4","1","5","2","1.45","6.72","3.30","4.87","0.0","999.0","17796"
"Cody Allen","","0","0","0","0","5.11","0","4","4.0","4","2","1","4","2","1.49","9.55","4.73","5.04","0.0","594.5","12183"
"Damon Jones","","0","0","0","0","4.46","0","3","3.0","3","1","0","3","2","1.54","10.13","5.90","4.57","0.0","999.0","sa3004862"
"Luis Avilan","","0","0","0","0","4.35","0","3","3.0","3","1","0","3","1","1.38","8.98","3.98","4.62","0.0","999.0","2882"
"Jacob Barnes","","1","1","0","0","4.50","0","11","11.0","11","6","2","10","5","1.41","8.50","3.92","4.59","0.0","999.0","12323"
"Nolan Blackwood","","0","0","0","0","4.54","0","2","2.0","2","1","0","1","1","1.51","6.58","4.14","4.56","0.0","999.0","sa874212"
"Grant Holmes","","0","0","0","0","4.36","0","4","4.0","4","2","1","3","1","1.38","7.97","3.49","4.54","0.0","999.0","sa828669"
"Josh Osich","","0","0","0","0","4.93","0","8","8.0","8","4","1","7","3","1.42","8.14","3.52","4.57","0.0","999.0","11528"
"Javy Guerra","","0","0","0","0","4.72","0","8","8.0","9","4","1","7","3","1.45","7.67","3.55","4.80","0.0","999.0","7407"
"Jake Petricka","","0","0","0","0","4.56","0","3","3.0","3","1","0","3","1","1.42","7.79","3.36","4.57","0.0","999.0","10534"
"Nick Ramirez","","1","1","0","0","4.70","0","9","9.0","9","5","1","8","4","1.46","7.64","3.98","4.84","0.0","999.0","12575"
"Matt Grace","","0","0","0","0","4.46","0","4","4.0","4","2","0","3","1","1.40","7.06","2.92","4.44","0.0","999.0","11449"
"Dany Jimenez","Giants","0","0","0","0","4.10","0","7","7.0","6","3","1","7","3","1.39","9.54","4.32","4.34","0.0","999.0","sa885967"
"Alexander Guillen","","0","0","0","0","4.94","0","2","2.0","2","1","0","2","1","1.44","8.87","4.06","4.77","0.0","999.0","sa737454"
"Kyle Finnegan","","0","0","0","0","4.56","0","4","4.0","4","2","1","5","2","1.45","9.13","4.54","4.71","0.0","999.0","sa708446"
"Justin Grimm","","0","1","0","0","4.79","0","10","10.0","10","6","2","12","6","1.47","10.18","4.82","4.70","0.0","999.0","11720"
"Sam Howard","","0","0","0","0","4.64","0","4","4.0","4","2","1","4","2","1.40","8.79","3.88","4.55","0.0","999.0","16265"
"Bernardo Flores","","0","0","0","0","4.47","0","2","2.0","2","1","0","1","0","1.36","6.24","2.39","4.66","0.0","999.0","sa874080"
"Ryan Hendrix","","0","0","0","0","4.35","0","2","2.0","2","1","0","2","1","1.50","10.35","5.43","4.64","0.0","999.0","sa738145"
"Josh D. Smith","","0","0","0","0","4.64","0","2","2.0","2","1","0","2","1","1.46","9.52","4.85","4.84","0.0","999.0","13629"
"Blake Taylor","","1","1","0","2","4.52","0","13","13.0","12","6","1","12","8","1.54","8.45","5.38","4.69","0.0","999.0","sa737558"
"Garrett Cleavinger","","0","0","0","0","4.57","0","3","3.0","2","2","0","4","2","1.57","10.99","6.55","4.69","0.0","999.0","sa827423"
"Evan Phillips","Orioles","0","0","0","0","4.92","0","3","3.0","3","2","0","3","2","1.52","9.92","5.19","5.00","0.0","999.0","17734"
"Yohander Mendez","Rangers","0","0","0","0","5.03","0","2","2.0","2","1","0","2","1","1.50","8.30","4.10","5.09","0.0","999.0","14391"
"Cody Ponce","","0","0","0","0","4.69","0","2","2.0","2","1","0","2","1","1.41","7.55","3.23","4.52","0.0","999.0","sa856266"
"Taylor Widener","","0","0","0","0","4.68","0","2","2.0","2","1","0","2","1","1.39","9.50","4.05","4.54","0.0","999.0","sa918271"
"Carlos Navas","","0","0","0","0","4.39","0","3","3.0","3","1","0","2","1","1.31","8.33","3.01","4.34","0.0","999.0","sa550615"
"Hunter Strickland","","1","1","0","0","4.50","0","9","9.0","9","5","1","8","4","1.37","7.92","3.65","4.77","0.0","579.1","7836"
"Cionel Perez","Astros","0","0","0","0","4.38","0","4","4.0","4","2","1","4","2","1.40","8.92","4.10","4.58","0.0","999.0","19614"
"Ryan Cook","","0","0","0","0","4.37","0","2","2.0","2","1","0","2","1","1.50","8.75","4.72","4.47","0.0","999.0","8855"
"Jacob Waguespack","","0","0","0","0","4.72","0","7","7.0","7","3","1","6","3","1.43","7.90","3.69","4.87","0.0","999.0","18318"
"Brooks Kriske","Yankees","0","0","0","0","4.72","0","4","4.0","4","2","1","5","3","1.51","9.51","5.14","4.89","0.0","999.0","sa918091"
"Jharel Cotton","Cubs","0","0","0","0","4.69","0","4","4.0","4","2","1","4","1","1.35","8.57","3.46","4.70","0.0","600.8","13654"
"Branden Kline","","0","0","0","0","5.01","0","8","8.0","8","5","1","7","4","1.49","7.99","4.24","5.22","0.0","999.0","14101"
"Jason Adam","","0","0","0","0","4.79","0","4","4.0","3","2","1","4","2","1.43","9.48","4.85","4.91","0.0","999.0","11861"
"Rogelio Armenteros","Astros","0","0","0","0","4.79","0","2","2.0","2","1","0","2","1","1.36","9.21","3.43","4.84","0.0","600.8","17679"
"Joel Payamps","","0","0","0","0","4.55","0","2","2.0","2","1","0","2","1","1.32","7.57","2.59","4.53","0.0","999.0","14332"
"Philip Pfeifer","","0","0","0","0","0.00","0","0","0.0","0","0","0","0","0","0.00","0.00","0.00","3.21","0.0","999.0","sa602699"
"Steven Wright","","0","0","0","0","0.00","0","0","0.0","0","0","0","0","0","0.00","0.00","0.00","3.21","0.0","999.0","8185"
"Huascar Ynoa","","0","0","0","0","0.00","0","0","0.0","0","0","0","0","0","0.00","0.00","0.00","3.21","0.0","999.0","20468"
"Enoli Paredes","","0","0","0","0","4.66","0","2","2.0","2","1","0","2","1","1.44","10.38","5.02","4.73","0.0","999.0","sa920300"
"Drew Smith","Mets","0","0","0","0","4.40","0","4","4.0","4","2","1","3","1","1.37","7.81","3.60","4.60","0.0","999.0","17755"
"Shaun Anderson","","1","1","0","2","4.34","0","15","15.0","15","7","2","12","5","1.36","7.24","2.99","4.47","0.0","590.2","19453"
"James Kaprielian","","0","0","0","0","4.65","0","2","2.0","2","1","0","2","1","1.34","8.20","2.98","4.74","0.0","999.0","sa658943"
"Austen Williams","","0","0","0","0","4.77","0","2","2.0","2","1","0","2","1","1.42","7.95","3.36","4.76","0.0","999.0","16309"
"Gerson Bautista","Mariners","0","0","0","0","4.42","0","6","6.0","5","3","1","6","3","1.48","9.86","5.23","4.61","0.0","999.0","19256"
"Julian Merryweather","","0","0","0","0","4.91","0","3","3.0","3","2","1","3","1","1.38","7.91","2.88","4.89","0.0","999.0","sa829363"
"Duane Underwood Jr.","Cubs","0","0","0","0","4.58","0","9","9.0","9","5","1","9","4","1.40","8.42","3.77","4.64","0.0","999.0","14677"
"Chris Rusin","","0","0","0","0","4.44","0","2","2.0","2","1","0","1","1","1.40","6.39","3.00","4.58","0.0","999.0","9895"
"James Norwood","","0","0","0","0","4.47","0","4","4.0","3","2","1","4","2","1.47","10.02","5.26","4.67","0.0","999.0","16440"
"Jerry Blevins","","0","0","0","0","4.44","0","9","9.0","8","5","2","10","5","1.41","9.90","4.39","4.80","0.0","999.0","7841"
"Yoan Lopez","Diamondbacks","1","1","0","4","4.47","0","20","20.0","20","10","3","18","9","1.39","8.17","3.76","4.69","0.0","590.3","17181"
"Kodi Whitley","","0","0","0","0","4.53","0","3","3.0","3","1","0","3","1","1.42","7.96","3.93","4.66","0.0","999.0","sa3004708"
"Jake Faria","","0","0","0","0","4.80","0","2","2.0","2","1","0","2","1","1.44","9.19","4.25","5.00","0.0","999.0","13699"
"Yency Almonte","Rockies","1","1","0","1","5.27","0","13","13.0","13","8","2","11","7","1.54","7.89","4.64","5.24","0.0","999.0","15068"
"Foster Griffin","","0","0","0","0","5.58","1","1","3.0","4","2","1","2","2","1.58","6.06","3.95","5.76","0.0","999.0","sa828674"
"Matt Albers","","1","1","0","0","4.79","0","9","9.0","9","5","1","8","4","1.38","8.18","3.50","4.77","0.0","999.0","4300"
"Michael Rucker","","0","0","0","0","4.88","0","2","2.0","2","1","0","2","1","1.41","8.16","3.29","4.87","0.0","999.0","sa919117"
"Jimmy Cordero","White Sox","1","1","0","2","4.50","0","14","14.0","13","7","2","13","7","1.48","8.19","4.71","4.76","0.0","999.0","15690"
"Tom Eshelman","","0","0","0","0","5.28","0","2","2.0","2","1","0","1","0","1.40","6.34","2.27","5.34","0.0","999.0","18361"
"Mike Morin","","0","0","0","0","4.95","0","2","2.0","2","1","0","1","1","1.41","6.42","2.72","5.00","0.0","999.0","13442"
"Devin Williams","Brewers","0","0","0","0","4.70","0","4","4.0","4","2","1","5","3","1.54","10.26","5.74","4.79","0.0","999.0","15816"
"Edgar Garcia","","0","0","0","0","4.75","0","3","3.0","3","2","1","3","2","1.43","10.33","4.71","4.84","0.0","999.0","19276"
"Phillips Valdez","","0","0","0","0","4.83","0","2","2.0","2","1","0","1","1","1.47","7.26","3.72","4.83","0.0","999.0","15605"
"Lucas Luetge","","0","0","0","0","4.62","0","2","2.0","2","1","0","2","1","1.42","8.50","3.86","4.92","0.0","999.0","8337"
"Brian Duensing","","0","0","0","0","5.00","0","7","7.0","8","4","1","5","3","1.53","6.36","4.07","4.80","0.0","999.0","4064"
"Tayron Guerrero","","0","0","0","0","4.91","0","7","7.0","7","4","1","8","4","1.52","10.32","5.46","4.92","0.0","999.0","11691"
"Alex Faedo","Tigers","0","0","0","0","5.06","0","2","2.0","2","1","0","2","1","1.35","8.15","2.67","5.16","0.0","999.0","sa829855"
"Xavier Cedeno","","0","0","0","0","4.78","0","9","9.0","9","5","1","8","5","1.53","7.79","5.03","4.69","0.0","999.0","36"
"Cory Gearrin","","0","0","0","0","4.79","0","7","7.0","7","4","1","6","3","1.49","7.71","4.17","4.82","0.0","999.0","7947"
"Cy Sneed","Astros","0","0","0","0","4.89","0","4","4.0","5","2","1","4","2","1.39","7.80","3.22","4.97","0.0","999.0","16106"
"Jimmy Lambert","","0","0","0","0","4.97","0","4","4.0","5","2","1","4","2","1.44","8.52","3.78","5.01","0.0","999.0","sa918003"
"John Curtiss","","0","0","0","0","4.86","0","2","2.0","2","1","0","2","1","1.51","9.48","5.39","5.15","0.0","999.0","16128"
"Scott Moss","","0","0","0","0","4.84","0","4","4.0","4","2","1","4","2","1.47","9.24","4.64","4.96","0.0","999.0","sa738902"
"Luke Bard","","0","0","0","0","4.79","0","7","7.0","7","4","1","7","3","1.37","8.80","3.58","4.90","0.0","999.0","14288"
"Ryan Buchter","","1","1","0","2","4.34","0","15","15.0","13","7","3","16","7","1.34","9.77","4.00","4.84","0.0","600.1","9456"
"Travis Lakins","Orioles","0","0","0","0","5.05","0","3","3.0","3","2","0","2","1","1.53","7.43","4.30","5.28","0.0","999.0","18600"
"Jeanmar Gomez","","0","0","0","0","4.92","0","7","7.0","8","4","1","6","3","1.44","6.86","3.34","4.76","0.0","999.0","9033"
"Jorge Alcala","","0","0","0","0","5.21","0","2","2.0","2","1","0","2","1","1.51","7.98","4.33","5.20","0.0","999.0","19459"
"Thomas Hatch","","0","0","0","0","5.22","0","2","2.0","2","1","0","2","1","1.48","7.88","3.75","5.33","0.0","999.0","sa738514"
"T.J. Zeuch","","0","0","0","0","5.22","0","2","2.0","2","1","0","1","1","1.50","5.89","3.33","5.28","0.0","999.0","19269"
"Taylor Hearn","","0","0","0","0","5.13","0","7","7.0","7","4","1","8","4","1.50","9.60","4.76","5.11","0.0","999.0","18325"
"Drew Anderson","","0","0","0","0","5.47","0","2","2.0","2","1","0","2","1","1.48","7.77","4.02","5.60","0.0","999.0","15130"
"Nivaldo Rodriguez","","0","0","0","0","5.13","0","2","2.0","2","1","0","2","1","1.52","7.69","4.50","5.34","0.0","999.0","sa943525"
"Zack Brown","","0","0","0","0","5.04","0","3","3.0","3","2","0","2","1","1.52","7.39","4.14","5.18","0.0","999.0","sa738901"
"Jake Newberry","Royals","0","0","0","0","4.89","0","7","7.0","7","4","1","6","4","1.50","7.85","4.46","5.04","0.0","999.0","15136"
"Hector Santiago","","0","0","0","0","5.38","0","4","4.0","4","2","1","4","2","1.51","8.63","4.40","5.37","0.0","999.0","4026"
"Art Warren","","0","0","0","0","4.60","0","6","6.0","5","3","1","6","3","1.51","9.27","5.19","4.81","0.0","999.0","18251"
"Jose Ruiz","","0","0","0","0","5.10","0","7","7.0","7","4","1","6","4","1.55","8.63","5.08","5.24","0.0","999.0","14552"
"Carson Fulmer","White Sox","1","1","0","1","5.53","1","12","17.0","17","11","3","17","11","1.61","8.73","5.56","5.66","0.0","999.0","18311"
"Jesus Tinoco","","0","0","0","0","5.75","0","2","2.0","2","1","0","1","1","1.61","7.06","4.43","5.70","0.0","999.0","16300"
"Michael Shawaryn","","0","0","0","0","5.46","0","3","3.0","3","2","0","2","1","1.48","7.78","3.88","5.43","0.0","999.0","19495"
"Cody Anderson","","0","0","0","0","4.89","0","4","4.0","5","2","1","4","2","1.40","8.40","3.31","5.03","0.0","999.0","12799"
"Yennsy Diaz","Blue Jays","0","0","0","0","5.46","0","2","2.0","2","1","0","1","1","1.53","6.92","4.14","5.55","0.0","999.0","20218"
"Victor Gonzalez","","0","0","0","0","5.65","0","2","2.0","2","1","0","2","1","1.57","8.89","4.73","5.44","0.0","999.0","sa880983"
"Jacob Webb","","0","0","0","0","4.56","0","7","7.0","6","3","1","7","4","1.50","9.13","4.94","5.02","0.0","999.0","19274"
"Cole Irvin","","0","0","0","0","4.83","0","7","7.0","8","4","1","6","2","1.35","6.76","2.31","5.04","0.0","999.0","19244"
"Scott Blewett","","0","0","0","0","5.54","0","2","2.0","2","1","0","1","1","1.56","6.12","3.91","5.64","0.0","999.0","sa828695"
"Clay Holmes","Pirates","1","1","0","1","4.54","0","11","11.0","11","6","1","10","6","1.56","8.34","5.27","4.67","0.0","999.0","13649"
"Eric Hanhold","","0","0","0","0","5.17","0","9","9.0","10","5","2","7","4","1.51","7.22","4.08","5.31","0.0","999.0","18332"
"Luke Farrell","Rangers","0","1","0","0","5.17","0","9","9.0","9","5","2","9","4","1.48","8.98","4.37","5.35","0.0","999.0","15101"
"Ramon Rosso","","0","0","0","0","4.96","0","7","7.0","7","4","1","6","3","1.41","8.56","3.85","5.07","0.0","999.0","sa3002672"
"Wily Peralta","","0","0","0","0","5.04","0","9","9.0","10","5","1","7","5","1.57","7.19","4.56","5.05","0.0","999.0","7738"
"Patrick Weigel","","0","0","0","0","5.05","0","4","4.0","4","2","1","3","2","1.52","8.31","4.68","5.07","0.0","999.0","sa829466"
"AJ Ramos","","0","0","0","0","5.03","0","4","4.0","3","2","1","4","2","1.51","9.50","5.15","5.06","0.0","999.0","8350"
"Kyle Zimmer","","0","0","0","0","5.04","0","4","4.0","4","2","1","4","3","1.62","8.46","5.84","5.15","0.0","999.0","14169"
"Brandon Bailey","","0","0","0","0","5.22","0","4","4.0","4","2","1","4","2","1.52","8.58","4.65","5.24","0.0","999.0","sa873692"
"Cam Hill","","0","0","0","0","4.74","0","5","5.0","4","3","1","5","2","1.37","9.78","3.94","5.22","0.0","999.0","sa829228"
"Yohan Ramirez","Mariners","0","0","0","0","4.80","0","7","7.0","6","4","1","7","5","1.64","10.11","6.87","5.02","0.0","999.0","sa922200"
"Burch Smith","Athletics","0","0","0","0","4.94","0","6","6.0","5","3","1","6","3","1.48","8.97","4.64","5.09","0.0","999.0","12784"
"Javier Guerra","Padres","0","0","0","0","4.68","0","12","12.0","13","6","2","10","4","1.40","7.56","3.24","4.69","0.0","999.0","17292"
"Jared Hughes","Mets","1","1","0","1","4.19","0","12","12.0","12","6","1","9","5","1.39","6.61","3.58","4.65","0.0","999.0","9325"
"Edinson Volquez","","1","1","0","1","5.12","0","12","12.0","13","7","2","10","6","1.56","7.32","4.42","5.14","0.0","999.0","3990"
"Blake Cederlind","","0","0","0","0","5.02","0","6","6.0","6","3","1","5","3","1.65","7.49","5.59","5.12","0.0","999.0","sa875318"
"Tyler Thornburg","","0","0","0","0","5.41","0","4","4.0","4","2","1","4","2","1.52","9.34","4.76","5.77","0.0","999.0","10688"
"Randy Rosario","Royals","1","1","0","2","4.70","0","13","13.0","14","7","2","9","5","1.49","6.42","3.79","4.86","0.0","999.0","14508"
"Genesis Cabrera","","1","1","0","0","4.50","0","12","12.0","11","6","2","12","5","1.41","8.93","4.15","4.74","0.0","999.0","17490"
"Wes Benjamin","","0","0","0","0","5.97","0","4","4.0","5","3","1","3","2","1.55","7.00","3.62","5.90","0.0","999.0","sa602914"
"Jake Woodford","","0","0","0","0","5.16","0","4","4.0","5","3","1","4","2","1.52","7.41","4.35","5.39","0.0","999.0","sa874753"
"Wandy Peralta","Giants","1","1","0","3","4.29","0","16","16.0","16","7","2","12","7","1.44","7.20","3.91","4.42","0.0","999.0","14295"
"Jose Mujica","Athletics","0","0","0","0","5.65","0","8","8.0","9","5","2","8","4","1.57","8.89","4.73","5.44","0.0","999.0","sa3006525"
"Brooks Raley","","0","0","0","0","5.24","0","7","7.0","7","4","1","5","3","1.53","6.87","3.93","5.29","0.0","999.0","10061"
"Jordan Holloway","","0","0","0","0","5.26","0","4","4.0","4","2","0","3","3","1.73","7.32","6.64","5.41","0.0","999.0","sa829245"
"Arodys Vizcaino","","1","1","0","0","4.41","0","9","9.0","8","5","1","10","5","1.39","9.50","4.43","4.83","0.0","599.0","5498"
"Tyler Bashlor","","0","0","0","0","4.91","0","6","6.0","5","3","1","5","3","1.48","8.82","4.89","5.10","0.0","999.0","15203"
"Colin Rea","","1","1","0","0","5.54","2","8","17.0","19","11","3","13","8","1.56","6.84","4.21","5.69","0.0","999.0","12317"
"Junior Fernandez","","1","1","0","2","4.37","0","17","17.0","15","8","2","17","10","1.51","9.29","5.42","4.75","0.0","598.4","18496"
"Stephen Woods Jr.","Royals","0","0","0","0","5.51","0","6","6.0","6","3","1","4","4","1.74","6.72","6.09","5.52","0.0","999.0","sa737853"
"Jonathan Hernandez","Rangers","1","1","0","3","5.18","0","17","17.0","17","10","3","15","9","1.56","8.19","4.74","5.13","0.0","999.0","17464"
"Shao-Ching Chiang","","0","1","0","0","5.57","0","9","9.0","11","6","2","7","3","1.46","6.69","2.89","5.44","0.0","999.0","sa659598"
"Daniel Bard","Rockies","0","0","0","0","5.65","0","12","12.0","12","7","2","12","6","1.57","8.89","4.73","5.44","0.0","999.0","7115"
"Brett Cecil","Cardinals","1","1","0","1","4.83","0","13","13.0","14","7","2","10","5","1.46","7.19","3.58","4.85","0.0","599.8","2660"
"Thomas Pannone","","1","1","0","0","5.25","0","10","10.0","11","6","2","10","4","1.41","8.89","3.50","5.35","0.0","999.0","17281"
"Anthony Misiewicz","","1","1","1","1","4.81","0","11","11.0","12","6","2","10","3","1.35","7.71","2.70","5.01","0.0","999.0","sa874099"
"Beau Burrows","","0","1","0","0","5.64","0","7","7.0","8","5","1","6","3","1.54","7.52","4.17","5.67","0.0","999.0","sa874682"
"Chance Adams","Royals","0","1","0","0","5.36","0","9","9.0","9","5","1","7","4","1.53","7.71","4.39","5.31","0.0","999.0","18135"
"Wade Davis","Rockies","1","1","9","1","5.03","0","24","24.0","23","13","4","25","13","1.50","9.23","4.90","5.21","0.0","264.7","7441"
"Josh Tomlin","Braves","1","1","0","2","5.11","0","13","13.0","15","7","3","9","2","1.30","6.44","1.22","5.10","0.0","597.3","9388"
"T.J. McFarland","Athletics","0","0","0","3","4.61","0","17","17.0","19","9","2","10","6","1.48","5.46","3.23","4.79","0.0","999.0","3237"
"Ryan Castellani","","1","1","0","0","6.49","2","4","16.0","18","11","3","12","10","1.76","6.79","5.51","6.23","0.0","999.0","sa828689"
"Anthony Gose","","0","0","0","0","8.00","0","2","2.0","2","2","0","2","2","2.33","9.00","12.00","8.44","0.0","999.0","5097"
"Reggie McClain","Phillies","1","1","0","2","5.36","0","11","11.0","12","7","2","8","4","1.47","6.74","3.14","5.40","0.0","999.0","19311"
"Rony Garcia","Tigers","1","1","0","1","5.44","0","11","11.0","12","7","2","9","4","1.50","7.07","3.53","5.33","0.0","999.0","sa918036"
"David McKay","Tigers","1","1","0","3","5.07","0","17","17.0","16","9","3","19","9","1.48","10.24","4.82","5.02","0.0","999.0","19814"
"Shawn Kelley","","1","1","0","0","5.02","0","9","9.0","10","5","2","9","3","1.32","8.69","2.52","5.16","0.0","599.3","7773"
"Jordan Romano","Blue Jays","1","1","0","6","5.09","0","22","22.0","22","13","4","21","9","1.41","8.71","3.80","5.18","0.0","600.1","16122"
"James Shields","","0","1","0","0","5.94","2","2","11.0","12","7","2","8","4","1.53","6.70","3.84","6.06","0.0","999.0","7059"
"Bryan Garcia","Tigers","1","1","0","5","4.67","0","20","20.0","20","11","3","20","10","1.45","8.76","4.40","4.99","0.0","999.0","19457"
"Josh Staumont","Royals","1","1","1","3","4.82","0","15","15.0","13","8","2","17","11","1.60","10.12","6.52","5.01","0.0","600.6","18335"
"Tyler Kinley","Rockies","1","1","0","3","5.49","0","16","16.0","16","9","2","15","10","1.66","8.74","5.88","5.40","0.0","999.0","18297"
"Jordan Weems","Athletics","1","1","0","1","5.70","0","10","10.0","11","7","2","10","7","1.68","8.51","5.91","5.55","0.0","999.0","sa597862"
"Gregory Soto","Tigers","1","1","0","4","4.89","0","18","18.0","18","10","3","17","12","1.62","8.27","5.70","5.17","0.0","999.0","19677"
"Keynan Middleton","Angels","0","0","3","4","4.72","0","18","18.0","17","10","3","19","10","1.46","9.47","4.68","5.11","-0.1","596.7","15264"
"Greg Holland","","1","1","2","4","4.93","0","20","20.0","20","11","3","20","12","1.57","8.80","5.46","5.00","-0.1","599.7","7196"
"Jarlin Garcia","Giants","1","1","1","4","4.56","0","19","19.0","19","10","3","15","7","1.38","7.12","3.40","4.76","-0.1","600.2","18282"
"Brad Boxberger","","1","1","1","3","5.07","0","18","18.0","17","10","3","20","11","1.51","9.66","5.38","5.17","-0.1","562.3","10133"
